hour_sin,hour_cos,year_sin,year_cos,hour2_sin,hour2_cos,year2_sin,year2_cos,hour_sin_x_year_sin,hour_sin_x_year_cos,hour_cos_x_year_sin,hour_cos_x_year_cos,base_f,lead_hours,lead_log,state_anom24,state_coverage24,state_anom72,state_coverage72,state_anom168,state_coverage168,state_last_anomaly,state_last_age_hours,state_anomaly_sd24,state_range24,state_trend24_72,weather_dewpoint_depression24,weather_pressure24,weather_pressure_change24,weather_wind_u24,weather_wind_v24,neighbor_GSO_anom24,neighbor_GSO_coverage24,neighbor_CLT_anom24,neighbor_CLT_coverage24,decay24_state_anom24,decay24_state_anom72,decay24_state_last_anomaly,decay24_state_trend24_72,decay72_state_anom24,decay72_state_anom72,decay72_state_last_anomaly,decay72_state_trend24_72,decay168_state_anom24,decay168_state_anom72,decay168_state_last_anomaly,decay168_state_trend24_72
0.0,1.0,-0.9679377830240642,-0.25119006388481957,0.0,1.0,0.4862727071086906,-0.8738071036110805,-0.0,-0.0,-0.9679377830240642,-0.25119006388481957,68.58747946582103,1,0.6931471805599453,0.8929047081195746,1.0,2.8317630175073925,1.0,5.0843034271365575,1.0,1.4984934463654156,1.0,3.451734728698738,25.0,-1.9388583093878178,12.791666666666666,1027.2291666666667,1.6291666666668334,-1.8582859495180002,0.7124370936425539,3.297610692047669,1.0,3.494481087997709,1.0,0.8929047081195746,2.8317630175073925,1.4984934463654156,-1.9388583093878178,0.8929047081195746,2.8317630175073925,1.4984934463654156,-1.9388583093878178,0.8929047081195746,2.8317630175073925,1.4984934463654156,-1.9388583093878178
0.25881904510252074,0.9659258262890683,-0.9681177022587713,-0.2504957376347892,0.49999999999999994,0.8660254037844387,0.4850187158892163,-0.8745037708536056,-0.25056729924546167,-0.06483306761688772,-0.9351298914993779,-0.24196030235677343,67.77716198727431,2,1.0986122886681098,0.8929047081195746,1.0,2.8317630175073925,1.0,5.0843034271365575,1.0,1.4984934463654156,1.0,3.451734728698738,25.0,-1.9388583093878178,12.791666666666666,1027.2291666666667,1.6291666666668334,-1.8582859495180002,0.7124370936425539,3.297610692047669,1.0,3.494481087997709,1.0,0.8564647822314082,2.7161972314246507,1.4373391153008443,-1.8597324491932423,0.8805889777216738,2.7927048407980175,1.477824901199691,-1.9121158630763437,0.8876055859855192,2.814957351742594,1.4896003363648034,-1.9273517657570745
0.49999999999999994,0.8660254037844387,-0.9682971234357685,-0.24980128251475445,0.8660254037844386,0.5000000000000001,0.4837637265792049,-0.8751986385079676,-0.4841485617178842,-0.12490064125737721,-0.8385699073067718,-0.21633425655571087,66.99252042126025,3,1.3862943611198906,0.8929047081195746,1.0,2.8317630175073925,1.0,5.0843034271365575,1.0,1.4984934463654156,1.0,3.451734728698738,25.0,-1.9388583093878178,12.791666666666666,1027.2291666666667,1.6291666666668334,-1.8582859495180002,0.7124370936425539,3.297610692047669,1.0,3.494481087997709,1.0,0.8215119895016407,2.605347747811555,1.378680525687146,-1.7838357583099143,0.8684431167553645,2.7541853889601904,1.4574414348645097,-1.8857422722048256,0.8823379125549328,2.7982514225730015,1.480760004309717,-1.9159135100180686
0.7071067811865476,0.7071067811865476,-0.9684760464627514,-0.24910669888198203,1.0,6.123233995736766e-17,0.48250774176121813,-0.8758917051442431,-0.6848159798705494,-0.17614503601844486,-0.6848159798705494,-0.17614503601844486,66.23449692910107,4,1.6094379124341003,0.8929047081195746,1.0,2.8317630175073925,1.0,5.0843034271365575,1.0,1.4984934463654156,1.0,3.451734728698738,25.0,-1.9388583093878178,12.791666666666666,1027.2291666666667,1.6291666666668334,-1.8582859495180002,0.7124370936425539,3.297610692047669,1.0,3.494481087997709,1.0,0.7879856392187269,2.4990220918038815,1.322415824960795,-1.7110364525851545,0.8564647822314082,2.7161972314246507,1.4373391153008443,-1.8597324491932423,0.8771015011891751,2.7816446380917816,1.47197213697885,-1.9045431369026067
0.8660254037844386,0.5000000000000001,-0.9686544712476709,-0.2484119870938099,0.8660254037844387,-0.4999999999999998,0.4812507640198754,-0.8765829693362096,-0.838879379589866,-0.21513109142781148,-0.48432723562383556,-0.12420599354690498,65.59679490350096,5,1.791759469228055,0.8929047081195746,1.0,2.8317630175073925,1.0,5.0843034271365575,1.0,1.4984934463654156,1.0,3.451734728698738,25.0,-1.9388583093878178,12.791666666666666,1027.2291666666667,1.6291666666668334,-1.8582859495180002,0.7124370936425539,3.297610692047669,1.0,3.494481087997709,1.0,0.7558275174920078,2.3970356435411078,1.268447317216678,-1.6412081260491,0.8446516634771432,2.6787330401111125,1.4175140646840971,-1.8340813766339692,0.87189616635725,2.765136409904889,1.4632364230097703,-1.8932402435476394
0.9659258262890683,0.25881904510252074,-0.9688323976987343,-0.24771714750763946,0.49999999999999994,-0.8660254037844387,0.47999279594183475,-0.8772724296613568,-0.9358202342827692,-0.23927639039228765,-0.250752276036772,-0.06411391557344752,65.24799827848479,6,1.9459101490553132,0.8929047081195746,1.0,2.8317630175073925,1.0,5.0843034271365575,1.0,1.4984934463654156,1.0,3.451734728698738,25.0,-1.9388583093878178,12.791666666666666,1027.2291666666667,1.6291666666668334,-1.8582859495180002,0.7124370936425539,3.297610692047669,1.0,3.494481087997709,1.0,0.7249817861713065,2.2992113175994486,1.216681293572608,-1.574229531428142,0.833001481690746,2.6417855880146455,1.3979624586760526,-1.8087841063238994,0.8667217236292327,2.7487261531102223,1.4545525528878884,-1.8820044294809897
1.0,6.123233995736766e-17,-0.9690098257244063,-0.24702218048093516,1.2246467991473532e-16,-1.0,0.4787338401157876,-0.8779600847008886,-0.9690098257244063,-0.24702218048093516,-5.933473907078643e-17,-1.5125746132218852e-17,65.38632397360982,7,2.0794415416798357,0.8929047081195746,1.0,2.8317630175073925,1.0,5.0843034271365575,1.0,1.4984934463654156,1.0,3.451734728698738,25.0,-1.9388583093878178,12.791666666666666,1027.2291666666667,1.6291666666668334,-1.8582859495180002,0.7124370936425539,3.297610692047669,1.0,3.494481087997709,1.0,0.6953948858916689,2.2053792555074017,1.167027869456754,-1.5099843696157327,0.8215119895016407,2.605347747811555,1.378680525687146,-1.7838357583099143,0.8615779896697348,2.732413286276898,1.4459202189354925,-1.870835296607163
0.9659258262890683,-0.25881904510252063,-0.9691867552334066,-0.2463270863712331,-0.4999999999999997,-0.8660254037844388,0.47747389913246896,-0.8786459330397182,-0.9361625173772492,-0.23793369444051202,0.2508439905155207,0.06375414127748867,66.17913743404844,8,2.1972245773362196,0.8929047081195746,1.0,2.8317630175073925,1.0,5.0843034271365575,1.0,1.4984934463654156,1.0,3.451734728698738,25.0,-1.9388583093878178,12.791666666666666,1027.2291666666667,1.6291666666668334,-1.8582859495180002,0.7124370936425539,3.297610692047669,1.0,3.494481087997709,1.0,0.667015443074901,2.1153765308099,1.119400828535458,-1.4483610877349988,0.8101809705369715,2.5694124904844893,1.359664546148907,-1.7592315199475177,0.8564647822314082,2.7161972314246507,1.4373391153008443,-1.8597324491932423
0.8660254037844387,-0.4999999999999998,-0.9693631861347123,-0.2456318655361296,-0.8660254037844385,-0.5000000000000004,0.4762129755846316,-0.8793299732664815,-0.8394931446860843,-0.21272343553325157,0.4846815930673559,0.12281593276806474,67.70394132330682,9,2.302585092994046,0.8929047081195746,1.0,2.8317630175073925,1.0,5.0843034271365575,1.0,1.4984934463654156,1.0,3.451734728698738,25.0,-1.9388583093878178,12.791666666666666,1027.2291666666667,1.6291666666668334,-1.8582859495180002,0.7124370936425539,3.297610692047669,1.0,3.494481087997709,1.0,0.6397941807264256,2.0290468661689602,1.0737174730104455,-1.3892526854425344,0.7990062389940543,2.533972883966513,1.340910851796439,-1.7349666449724588,0.8513819201484887,2.700077414003356,1.4288089379473456,-1.8486954938548672
0.7071067811865476,-0.7071067811865475,-0.9695391183375572,-0.24493651833328614,-1.0,-1.8369701987210297e-16,0.47495107206705034,-0.8800122039735355,-0.6855676852021133,-0.17319627307368976,0.6855676852021132,0.17319627307368973,69.9076157154448,10,2.3978952727983707,0.8929047081195746,1.0,2.8317630175073925,1.0,5.0843034271365575,1.0,1.4984934463654156,1.0,3.451734728698738,25.0,-1.9388583093878178,12.791666666666666,1027.2291666666667,1.6291666666668334,-1.8582859495180002,0.7124370936425539,3.297610692047669,1.0,3.494481087997709,1.0,0.613683832872566,1.9462403620096032,1.029898480025485,-1.332556529137037,0.7879856392187269,2.4990220918038815,1.322415824960795,-1.7110364525851545,0.8463292233303763,2.684053262872671,1.4203293846427627,-1.8377240395422947
0.49999999999999994,-0.8660254037844387,-0.9697145517514308,-0.24424104512043354,-0.8660254037844386,0.5000000000000001,0.4736881911765244,-0.8806926237569567,-0.48485727587571537,-0.12212052256021676,0.8397974362361789,0.21151894972115678,72.59619476253862,11,2.4849066497880004,0.8929047081195746,1.0,2.8317630175073925,1.0,5.0843034271365575,1.0,1.4984934463654156,1.0,3.451734728698738,25.0,-1.9388583093878178,12.791666666666666,1027.2291666666667,1.6291666666668334,-1.8582859495180002,0.7124370936425539,3.297610692047669,1.0,3.494481087997709,1.0,0.5886390624896917,1.8668132362398837,0.9878677639331714,-1.278174173750192,0.7771170452895123,2.464553371837256,1.3041758978711127,-1.6874363265477434,0.8413065127552549,2.668124210281801,1.411900154948521,-1.8268176975265462
0.258819045102521,-0.9659258262890682,-0.9698894862860795,-0.2435454462553649,-0.5000000000000004,0.8660254037844384,0.4724243355118597,-0.8813712312165504,-0.2510258706955378,-0.0630341998388809,0.9368413034499612,0.2352468364131532,75.45958671457186,12,2.5649493574615367,0.8929047081195746,1.0,2.8317630175073925,1.0,5.0843034271365575,1.0,1.4984934463654156,1.0,3.451734728698738,25.0,-1.9388583093878178,12.791666666666666,1027.2291666666667,1.6291666666668334,-1.8582859495180002,0.7124370936425539,3.297610692047669,1.0,3.494481087997709,1.0,0.5646163827827193,1.7906275745930873,0.947552344182677,-1.2260111918103678,0.7663983606075213,2.430560074901117,1.2861875519663784,-1.6641617142935956,0.8363136104637494,2.6522896918493823,1.4035209502090589,-1.8159760813856327
1.2246467991473532e-16,-1.0,-0.9700639218515071,-0.2428497220959353,-2.4492935982947064e-16,1.0,0.4711595076738632,-0.882048024955854,-1.1879856768637765e-16,-2.9740513483861143e-17,0.9700639218515071,0.2428497220959353,78.12647155236672,13,2.6390573296152584,0.8929047081195746,1.0,2.8317630175073925,1.0,5.0843034271365575,1.0,1.4984934463654156,1.0,3.451734728698738,25.0,-1.9388583093878178,12.791666666666666,1027.2291666666667,1.6291666666668334,-1.8582859495180002,0.7124370936425539,3.297610692047669,1.0,3.494481087997709,1.0,0.541574081676282,1.7175510911585963,0.9088822185990731,-1.1759770094823143,0.7558275174920078,2.3970356435411078,1.268447317216678,-1.6412081260491,0.8313503395526202,2.636549146543484,1.3951914735412447,-1.8051988069908638
-0.2588190451025208,-0.9659258262890683,-0.970237858357973,-0.2421538730000695,0.5,0.8660254037844386,0.46989371026535204,-0.8827230035821324,0.2511160360225254,0.06267403417775508,0.9371778050313612,0.23390267986669022,80.23658818644128,14,2.70805020110221,0.8929047081195746,1.0,2.8317630175073925,1.0,5.0843034271365575,1.0,1.4984934463654156,1.0,3.451734728698738,25.0,-1.9388583093878178,12.791666666666666,1027.2291666666667,1.6291666666668334,-1.8582859495180002,0.7124370936425539,3.297610692047669,1.0,3.494481087997709,1.0,0.519472149387453,1.647456898685622,0.8717902418341942,-1.127984749298169,0.7454024767815048,2.3639736107490736,1.2509517714538154,-1.6185711339675686,0.8264165241684955,2.620902016661734,1.3869114298238612,-1.7944854924932383
-0.4999999999999997,-0.8660254037844388,-0.9704112957159938,-0.2414578993257539,0.8660254037844384,0.5000000000000004,0.4686269458911337,-0.8833961657063881,0.48520564785799664,0.12072894966287688,0.840400834209424,0.2091086747605284,81.5128964138913,15,2.772588722239781,0.8929047081195746,1.0,2.8317630175073925,1.0,5.0843034271365575,1.0,1.4984934463654156,1.0,3.451734728698738,25.0,-1.9388583093878178,12.791666666666666,1027.2291666666667,1.6291666666668334,-1.8582859495180002,0.7124370936425539,3.297610692047669,1.0,3.494481087997709,1.0,0.49827220895426816,1.5802232882609661,0.836212008777985,-1.081951079306698,0.7351212274404619,2.331367598715549,1.233697539711162,-1.5962463712750867,0.8215119895016407,2.605347747811555,1.378680525687146,-1.7838357583099143
-0.7071067811865471,-0.7071067811865479,-0.9705842338363434,-0.24076180143103737,1.0,1.1943401194869635e-15,0.4673592171580025,-0.8840675099433635,0.6863066934584278,0.17024430244257546,0.6863066934584285,0.17024430244257563,81.81593874047489,16,2.833213344056216,0.8929047081195746,1.0,2.8317630175073925,1.0,5.0843034271365575,1.0,1.4984934463654156,1.0,3.451734728698738,25.0,-1.9388583093878178,12.791666666666666,1027.2291666666667,1.6291666666668334,-1.8582859495180002,0.7124370936425539,3.297610692047669,1.0,3.494481087997709,1.0,0.47793744959941553,1.5157335179782534,0.8020857427278973,-1.0377960683788379,0.7249817861713065,2.2992113175994486,1.216681293572608,-1.574229531428142,0.8166365617797645,2.5898857888905247,1.3704984695023985,-1.77324922711076
-0.8660254037844385,-0.5000000000000004,-0.9707566726300517,-0.24006557967403516,0.8660254037844392,-0.4999999999999992,0.46609052667474193,-0.884737034911539,0.8406999393908785,0.20790289057195158,0.4853783363150263,0.12003278983701769,81.16718987351382,17,2.8903717578961645,0.8929047081195746,1.0,2.8317630175073925,1.0,5.0843034271365575,1.0,1.4984934463654156,1.0,3.451734728698738,25.0,-1.9388583093878178,12.791666666666666,1027.2291666666667,1.6291666666668334,-1.8582859495180002,0.7124370936425539,3.297610692047669,1.0,3.494481087997709,1.0,0.45843256281338945,1.4538756102316848,0.7693521881221517,-0.9954430474182954,0.7149821970318587,2.267498564314733,1.1998997505305,-1.5525163672828743,0.8117900682618622,2.5745155920668483,1.362364971371648,-1.762725523804986
-0.9659258262890683,-0.25881904510252063,-0.9709286120084059,-0.23936923441292632,0.4999999999999998,-0.8660254037844388,0.46482087705211456,-0.885404739233139,0.9378450218219176,0.23121292553848755,0.25129481622273137,0.06195331667767501,79.7360923235479,18,2.9444389791664403,0.8929047081195746,1.0,2.8317630175073925,1.0,5.0843034271365575,1.0,1.4984934463654156,1.0,3.451734728698738,25.0,-1.9388583093878178,12.791666666666666,1027.2291666666667,1.6291666666668334,-1.8582859495180002,0.7124370936425539,3.297610692047669,1.0,3.494481087997709,1.0,0.4397236810461259,1.3945421572823469,0.7379545076506142,-0.9548184762362208,0.70512053105802,2.2362232213338022,1.183349673352429,-1.5311026902757823,0.8069723372320952,2.559236612759949,1.35427974311738,-1.7522642755278537
-1.0,-1.8369701987210297e-16,-0.9711000518829502,-0.23867276600595078,3.6739403974420594e-16,-1.0,0.4635502709028521,-0.8860706215341373,0.9711000518829502,0.23867276600595078,1.7838818552854253e-16,4.3843475839924923e-17,77.79474268514893,19,2.995732273553991,0.8929047081195746,1.0,2.8317630175073925,1.0,5.0843034271365575,1.0,1.4984934463654156,1.0,3.451734728698738,25.0,-1.9388583093878178,12.791666666666666,1027.2291666666667,1.6291666666668334,-1.8582859495180002,0.7124370936425539,3.297610692047669,1.0,3.494481087997709,1.0,0.42177831890066536,1.3376301347594606,0.7078381835646339,-0.9158518158587952,0.6953948858916689,2.2053792555074017,1.167027869456754,-1.5099843696157327,0.802183197993707,2.5440483096211723,1.3462424982723287,-1.741865111627465
-0.9659258262890684,0.2588190451025203,-0.971270992165486,-0.23797617481141362,-0.49999999999999917,-0.8660254037844392,0.46227871084165767,-0.886734680444255,0.9381757356580503,0.2298673332918265,-0.25138343072804853,-0.06159276632184051,75.65236359215031,20,3.044522437723423,0.8929047081195746,1.0,2.8317630175073925,1.0,5.0843034271365575,1.0,1.4984934463654156,1.0,3.451734728698738,25.0,-1.9388583093878178,12.791666666666666,1027.2291666666667,1.6291666666668334,-1.8582859495180002,0.7124370936425539,3.297610692047669,1.0,3.494481087997709,1.0,0.4045653167267342,1.2830407227727505,0.6789509230144798,-0.8784754060460161,0.6858033854136873,2.1749607169007987,1.1509311902967407,-1.4891573314871116,0.7974224808629754,2.528950144514606,1.3382529520693252,-1.7315276636516306
-0.8660254037844386,0.5000000000000001,-0.9714414327680705,-0.23727946118768564,-0.8660254037844387,-0.49999999999999983,0.4610061994852022,-0.8873969145969631,0.8412929590659018,0.20549004118481948,-0.48572071638403536,-0.11863973059384285,73.58661571961346,21,3.091042453358316,0.8929047081195746,1.0,2.8317630175073925,1.0,5.0843034271365575,1.0,1.4984934463654156,1.0,3.451734728698738,25.0,-1.9388583093878178,12.791666666666666,1027.2291666666667,1.6291666666668334,-1.8582859495180002,0.7124370936425539,3.297610692047669,1.0,3.494481087997709,1.0,0.38805478651630265,1.2306791343253107,0.6512425672500071,-0.842624347809008,0.6763441793820494,2.1449617376460184,1.1350565307531923,-1.4686175582639687,0.7926900171632002,2.513941582498014,1.330310821431208,-1.7212515653348135
-0.7071067811865477,0.7071067811865474,-0.9716113736030195,-0.23658262549319545,-1.0,-4.286263797015736e-16,0.45973273945210474,-0.8880573226294929,0.6870329909526713,0.1672891787971559,-0.687032990952671,-0.16728917879715582,71.78918827094714,22,3.1354942159291497,0.8929047081195746,1.0,2.8317630175073925,1.0,5.0843034271365575,1.0,1.4984934463654156,1.0,3.451734728698738,25.0,-1.9388583093878178,12.791666666666666,1027.2291666666667,1.6291666666668334,-1.8582859495180002,0.7124370936425539,3.297610692047669,1.0,3.494481087997709,1.0,0.3722180600071749,1.1804544507290389,0.6246650045268958,-0.808236390721864,0.667015443074901,2.1153765308099,1.119400828535458,-1.4483610877349988,0.7879856392187269,2.4990220918038815,1.322415824960795,-1.7110364525851545
-0.5000000000000004,0.8660254037844384,-0.9717808145829052,-0.23588566808643788,-0.8660254037844392,0.4999999999999991,0.45845833336294284,-0.8887159031828297,0.48589040729145305,0.11794283404321905,-0.8415868723391309,-0.20428298095151937,70.33888376540244,23,3.1780538303479458,0.8929047081195746,1.0,2.8317630175073925,1.0,5.0843034271365575,1.0,1.4984934463654156,1.0,3.451734728698738,25.0,-1.9388583093878178,12.791666666666666,1027.2291666666667,1.6291666666668334,-1.8582859495180002,0.7124370936425539,3.297610692047669,1.0,3.494481087997709,1.0,0.35702763890449873,1.132279463736853,0.5991720865672305,-0.7752518248323541,0.6578153769385638,2.0861993892777795,1.103961063590705,-1.4283840123392155,0.7833091803490054,2.4841911438205746,1.3145676829309105,-1.7008819634715688
-0.25881904510252157,0.9659258262890681,-0.971949755620557,-0.23518858932596962,-0.5000000000000014,0.8660254037844378,0.4571829838402394,-0.8893726549017208,0.25155910763734174,0.060871286108356557,-0.9388313708092443,-0.2271747324784475,69.2077421119079,24,3.2188758248682006,0.8929047081195746,1.0,2.8317630175073925,1.0,5.0843034271365575,1.0,1.4984934463654156,1.0,3.451734728698738,25.0,-1.9388583093878178,12.791666666666666,1027.2291666666667,1.6291666666668334,-1.8582859495180002,0.7124370936425539,3.297610692047669,1.0,3.494481087997709,1.0,0.3424571471337635,1.0860705241175779,0.5747195484293713,-0.7436133769838144,0.6487422062403935,2.057424684652558,1.0887342575213361,-1.408682478412164,0.7786604748626857,2.4694482130736115,1.3067661172744776,-1.6907877382109258
0.0,1.0,-0.9721181966290612,-0.23449138957041052,0.0,1.0,0.45590669350846025,-0.8900275764346759,-0.0,-0.0,-0.9721181966290612,-0.23449138957041052,68.2967060076713,25,3.258096538021482,0.8929047081195746,1.0,2.8317630175073925,1.0,5.0843034271365575,1.0,1.4984934463654156,1.0,3.451734728698738,25.0,-1.9388583093878178,12.791666666666666,1027.2291666666667,1.6291666666668334,-1.8582859495180002,0.7124370936425539,3.297610692047669,1.0,3.494481087997709,1.0,0.32848128504237895,1.0417473964105768,0.5512649316479777,-0.7132661113681978,0.6397941807264256,2.0290468661689602,1.0737174730104455,-1.3892526854425344,0.7740393580517457,2.4547927772070453,1.2990108515746628,-1.6807534191552993
0.25881904510252074,0.9659258262890683,-0.9722861375217622,-0.23379406917843934,0.49999999999999994,0.8660254037844387,0.4546294649940009,-0.8906806664339743,-0.25164616967980064,-0.06051035773539635,-0.9391562907751149,-0.22582772945266763,67.48935063047044,26,3.295836866004329,0.8929047081195746,1.0,2.8317630175073925,1.0,5.0843034271365575,1.0,1.4984934463654156,1.0,3.451734728698738,25.0,-1.9388583093878178,12.791666666666666,1027.2291666666667,1.6291666666668334,-1.8582859495180002,0.7124370936425539,3.297610692047669,1.0,3.494481087997709,1.0,0.3150757854703115,0.9992331196079193,0.52876751051073,-0.6841573341376078,0.6309695742837441,2.0010604596227686,1.058907813255195,-1.3700908853390246,0.7694456661856561,2.440224316964953,1.291301611055085,-1.6707786507792968
0.49999999999999994,0.8660254037844387,-0.9724535782122605,-0.23309662850880283,0.8660254037844386,0.5000000000000001,0.4533513009251987,-0.8913319235556584,-0.4862267891061302,-0.1165483142544014,-0.8421695027328951,-0.20186760182512728,66.70742770204679,27,3.332204510175204,0.8929047081195746,1.0,2.8317630175073925,1.0,5.0843034271365575,1.0,1.4984934463654156,1.0,3.451734728698738,25.0,-1.9388583093878178,12.791666666666666,1027.2291666666667,1.6291666666668334,-1.8582859495180002,0.7124370936425539,3.297610692047669,1.0,3.494481087997709,1.0,0.30221737161350337,0.9584538735221907,0.5071882213437376,-0.6562365019086872,0.6222666846075077,1.9734600663148267,1.0443024214080112,-1.3511933817073192,0.7648792365055795,2.4257423161730416,1.2836381225700775,-1.660863079667462
0.7071067811865476,0.7071067811865476,-0.9726205186144152,-0.2323990679203037,1.0,6.123233995736766e-17,0.452072203932305,-0.8919813464595481,-0.6877465642334297,-0.1643309568678798,-0.6877465642334297,-0.1643309568678798,65.95168156938882,28,3.367295829986474,0.8929047081195746,1.0,2.8317630175073925,1.0,5.0843034271365575,1.0,1.4984934463654156,1.0,3.451734728698738,25.0,-1.9388583093878178,12.791666666666666,1027.2291666666667,1.6291666666668334,-1.8582859495180002,0.7124370936425539,3.297610692047669,1.0,3.494481087997709,1.0,0.289883716606907,0.9193388506079007,0.4864895946828491,-0.6294551340009936,0.613683832872566,1.9462403620096032,1.029898480025485,-1.332556529137037,0.7603399072186033,2.4113462617203574,1.276020114595012,-1.6510063545017541
0.8660254037844386,0.5000000000000001,-0.9727869586423421,-0.23170138777180885,0.8660254037844387,-0.4999999999999998,0.45079217664749577,-0.8926289338092357,-0.8424582186544702,-0.20065928790249554,-0.48639347932117116,-0.11585069388590445,65.31564811883487,29,3.4011973816621555,0.8929047081195746,1.0,2.8317630175073925,1.0,5.0843034271365575,1.0,1.4984934463654156,1.0,3.451734728698738,25.0,-1.9388583093878178,12.791666666666666,1027.2291666666667,1.6291666666668334,-1.8582859495180002,0.7124370936425539,3.297610692047669,1.0,3.494481087997709,1.0,0.2780534047569584,0.8818201330139314,0.4666356902130867,-0.603766728256973,0.6052193634096086,1.9193960959081262,1.0156932105248753,-1.3141767324985174,0.7558275174920078,2.3970356435411078,1.268447317216678,-1.6412081260491
0.9659258262890683,0.25881904510252074,-0.9729528982104139,-0.23100358842224933,0.49999999999999994,-0.8660254037844387,0.4495112217048662,-0.8932746842720881,-0.9398003321442377,-0.22313233202250105,-0.25181874004454935,-0.05978812817070229,64.96778554602761,30,3.4339872044851463,0.8929047081195746,1.0,2.8317630175073925,1.0,5.0843034271365575,1.0,1.4984934463654156,1.0,3.451734728698738,25.0,-1.9388583093878178,12.791666666666666,1027.2291666666667,1.6291666666668334,-1.8582859495180002,0.7124370936425539,3.297610692047669,1.0,3.494481087997709,1.0,0.26670589435617437,0.8458325746535409,0.44759203436323863,-0.5791266802973665,0.5968716433857785,1.8929220896350825,1.0016838726481088,-1.2960504462493039,0.7513419074475666,2.3828099545965857,1.2609194621237176,-1.631468047149019
1.0,6.123233995736766e-17,-0.9731183372332619,-0.23030567023061227,1.2246467991473532e-16,-1.0,0.44822934174041074,-0.893918596519257,-0.9731183372332619,-0.23030567023061227,-5.958631284421545e-17,-1.410215509367026e-17,65.10623539532793,31,3.4657359027997265,0.8929047081195746,1.0,2.8317630175073925,1.0,5.0843034271365575,1.0,1.4984934463654156,1.0,3.451734728698738,25.0,-1.9388583093878178,12.791666666666666,1027.2291666666667,1.6291666666668334,-1.8582859495180002,0.7124370936425539,3.297610692047669,1.0,3.494481087997709,1.0,0.255821482015306,0.8113136880871544,0.42932556044724957,-0.5554922060718483,0.5886390624896917,1.8668132362398837,0.9878677639331714,-1.278174173750192,0.7468829181558834,2.368668690857209,1.2534362825971226,-1.6217857727013256
0.9659258262890683,-0.25881904510252063,-0.9732832756257742,-0.2296076335559495,-0.4999999999999997,-0.8660254037844388,0.4469465393920339,-0.8945606692256737,-0.940119452222157,-0.22178394316480812,0.2519042480117163,0.05942682846520032,65.89834324272614,32,3.4965075614664802,0.8929047081195746,1.0,2.8317630175073925,1.0,5.0843034271365575,1.0,1.4984934463654156,1.0,3.451734728698738,25.0,-1.9388583093878178,12.791666666666666,1027.2291666666667,1.6291666666668334,-1.8582859495180002,0.7124370936425539,3.297610692047669,1.0,3.494481087997709,1.0,0.24538126845111655,0.7782035360215303,0.41180455124847376,-0.5328222675704137,0.5805200326208007,1.841064499211515,0.9742422191927926,-1.2605444665907142,0.7424503916307599,2.3546113512846594,1.2459975135007801,-1.6121609596538993
0.8660254037844387,-0.4999999999999998,-0.9734477133030967,-0.2289094787573728,-0.8660254037844385,-0.5000000000000004,0.4456628172995367,-0.8952009010700558,-0.8430304489763528,-0.19824142377093917,0.4867238566515481,0.11445473937868635,67.42164872811291,33,3.5263605246161616,0.8929047081195746,1.0,2.8317630175073925,1.0,5.0843034271365575,1.0,1.4984934463654156,1.0,3.451734728698738,25.0,-1.9388583093878178,12.791666666666666,1027.2291666666667,1.6291666666668334,-1.8582859495180002,0.7124370936425539,3.297610692047669,1.0,3.494481087997709,1.0,0.2353671256703782,0.7464446272369033,0.39499858394709586,-0.5110775015665251,0.572512987583044,1.8156709115069702,0.9608046100003186,-1.243157923923926,0.7380441708235987,2.340637437814131,1.2386028912720823,-1.602593266990532
0.7071067811865476,-0.7071067811865475,-0.9736116501806324,-0.22821120619405574,-1.0,-1.8369701987210297e-16,0.4443781781046144,-0.8958392907349083,-0.68844740008495,-0.16136969144257826,0.6884474000849499,0.16136969144257823,69.62312319347254,34,3.5553480614894135,0.8929047081195746,1.0,2.8317630175073925,1.0,5.0843034271365575,1.0,1.4984934463654156,1.0,3.451734728698738,25.0,-1.9388583093878178,12.791666666666666,1027.2291666666667,1.6291666666668334,-1.8582859495180002,0.7124370936425539,3.297610692047669,1.0,3.494481087997709,1.0,0.22576166549310836,0.7159818167613983,0.3788784772950932,-0.49022015126828994,0.5646163827827193,1.7906275745930873,0.947552344182677,-1.2260111918103678,0.733664099617839,2.3267464553366835,1.231252153912586,-1.5930823557188443
0.49999999999999994,-0.8660254037844387,-0.9737750861740432,-0.22751281622522893,-0.8660254037844386,0.5000000000000001,0.4430926244508431,-0.8964758369065304,-0.48688754308702153,-0.11375640811261445,0.8433139621991024,0.1970318785375887,72.30894007912624,35,3.58351893845611,0.8929047081195746,1.0,2.8317630175073925,1.0,5.0843034271365575,1.0,1.4984934463654156,1.0,3.451734728698738,25.0,-1.9388583093878178,12.791666666666666,1027.2291666666667,1.6291666666668334,-1.8582859495180002,0.7124370936425539,3.297610692047669,1.0,3.494481087997709,1.0,0.21654820936038946,0.6867622101193801,0.3634162409470174,-0.4702140007589906,0.556828694930525,1.7659296575016006,0.9344828653203369,-1.2091009625710754,0.7293100228234247,2.3129379116816997,1.22394504097873,-1.583627888858275
0.258819045102521,-0.9659258262890682,-0.9739380211992469,-0.22681430921018939,-0.5000000000000004,0.8660254037844384,0.4418061589836919,-0.8971105382750092,-0.25207370863582795,-0.05870386292536915,0.9407518878812225,0.2190857990380364,75.16918538610517,36,3.6109179126442243,0.8929047081195746,1.0,2.8317630175073925,1.0,5.0843034271365575,1.0,1.4984934463654156,1.0,3.451734728698738,25.0,-1.9388583093878178,12.791666666666666,1027.2291666666667,1.6291666666668334,-1.8582859495180002,0.7124370936425539,3.297610692047669,1.0,3.494481087997709,1.0,0.207710759374348,0.6587350714874802,0.3485850268586134,-0.45102431211313215,0.5491484217477107,1.7415723958972247,0.9215936522541627,-1.192423974149514,0.7249817861713065,2.2992113175994486,1.216681293572608,-1.574229531428142
1.2246467991473532e-16,-1.0,-0.9741004551724205,-0.2261156855082884,-2.4492935982947064e-16,1.0,0.44051878435049524,-0.8977433935342336,-1.1929290044748846e-16,-2.7691185049473494e-17,0.9741004551724205,0.2261156855082884,77.83274312106008,37,3.6375861597263857,0.8929047081195746,1.0,2.8317630175073925,1.0,5.0843034271365575,1.0,1.4984934463654156,1.0,3.451734728698738,25.0,-1.9388583093878178,12.791666666666666,1027.2291666666667,1.6291666666668334,-1.8582859495180002,0.7124370936425539,3.297610692047669,1.0,3.494481087997709,1.0,0.19923397052000766,0.6318517355988253,0.3343590826688877,-0.43261776507881766,0.541574081676282,1.7175510911585963,0.9088822185990731,-1.1759770094823143,0.7206792363079758,2.2855661867437496,1.2094606543327955,-1.5648869504357734
-0.2588190451025208,-0.9659258262890683,-0.9742623880099982,-0.22541694547894067,0.5,0.8660254037844386,0.43923050320046464,-0.8983744013818886,0.25215766094404934,0.05834219857878642,0.9410652021609184,0.21773604932130364,79.9395685122962,38,3.6635616461296463,0.8929047081195746,1.0,2.8317630175073925,1.0,5.0843034271365575,1.0,1.4984934463654156,1.0,3.451734728698738,25.0,-1.9388583093878178,12.791666666666666,1027.2291666666667,1.6291666666668334,-1.8582859495180002,0.7124370936425539,3.297610692047669,1.0,3.494481087997709,1.0,0.19110312402078417,0.606065523242504,0.3207137069846798,-0.4149623992217198,0.5341042135932003,1.6938611094718865,0.8963461122644059,-1.1597568958786864,0.7164022207900307,2.2720020356547397,1.2022828674252304,-1.5555998148647088
-0.4999999999999997,-0.8660254037844388,-0.9744238196286718,-0.22471808948162078,0.8660254037844384,0.5000000000000004,0.43794131818467713,-0.8990035605194605,0.4872119098143356,0.11235904474081033,0.8438757818510957,0.1946115741809883,81.2128351473363,39,3.6888794541139363,0.8929047081195746,1.0,2.8317630175073925,1.0,5.0843034271365575,1.0,1.4984934463654156,1.0,3.451734728698738,25.0,-1.9388583093878178,12.791666666666666,1027.2291666666667,1.6291666666668334,-1.8582859495180002,0.7124370936425539,3.297610692047669,1.0,3.494481087997709,1.0,0.1833041017813563,0.5813316602115433,0.3076252064900943,-0.3980275584301869,0.5267373765285267,1.6704978809369202,0.8839829149808982,-1.1437605044083934,0.7121505880787755,2.2585183837417464,1.1951476785341495,-1.546367795662971
-0.7071067811865471,-0.7071067811865479,-0.9745847499453918,-0.22401911787585949,1.0,1.1943401194869635e-15,0.43665123195606353,-0.8996308696522436,0.6891354855273819,0.15840543736544868,0.6891354855273827,0.15840543736544885,81.51328215442331,40,3.713572066704308,0.8929047081195746,1.0,2.8317630175073925,1.0,5.0843034271365575,1.0,1.4984934463654156,1.0,3.451734728698738,25.0,-1.9388583093878178,12.791666666666666,1027.2291666666667,1.6291666666668334,-1.8582859495180002,0.7124370936425539,3.297610692047669,1.0,3.494481087997709,1.0,0.17582336187353736,0.5576071995586641,0.2950708548063201,-0.38178383768512675,0.519472149387453,1.647456898685622,0.8717902418341942,-1.127984749298169,0.7079241875348516,2.24511475326626,1.1880548348530777,-1.5371905657314084
-0.8660254037844385,-0.5000000000000004,-0.9747451788773653,-0.22332003102125225,0.8660254037844392,-0.4999999999999992,0.43536024716941857,-0.9002563274893338,0.844154087124205,0.1934008200383333,0.4873725894386831,0.11166001551062622,80.86255023618405,41,3.7376696182833684,0.8929047081195746,1.0,2.8317630175073925,1.0,5.0843034271365575,1.0,1.4984934463654156,1.0,3.451734728698738,25.0,-1.9388583093878178,12.791666666666666,1027.2291666666667,1.6291666666668334,-1.8582859495180002,0.7124370936425539,3.297610692047669,1.0,3.494481087997709,1.0,0.16864791502258183,0.5348509470248219,0.2830288530304035,-0.36620303200224,0.5123071306761648,1.6247337180126211,0.8597657408047819,-1.112426587336456,0.7037228694128996,2.231790669325005,1.1810040850758703,-1.528067799912105
-0.9659258262890683,-0.25881904510252063,-0.9749051063420583,-0.2226208292774512,0.4999999999999998,-0.8660254037844388,0.4340683664813815,-0.9008799327436399,0.9416860203968846,0.21503520846897967,0.2523240086890228,0.057618510453521184,79.43020591471526,42,3.7612001156935624,0.8929047081195746,1.0,2.8317630175073925,1.0,5.0843034271365575,1.0,1.4984934463654156,1.0,3.451734728698738,25.0,-1.9388583093878178,12.791666666666666,1027.2291666666667,1.6291666666668334,-1.8582859495180002,0.7124370936425539,3.297610692047669,1.0,3.494481087997709,1.0,0.16176530205309836,0.5130233895110474,0.2714782918844548,-0.351258087457949,0.5052409382314893,1.6023239555178501,0.8479070923142813,-1.0970830172863608,0.6995464848562539,2.2185456598331132,1.1739951793878098,-1.5189991749768594
-1.0,-1.8369701987210297e-16,-0.9750645322571947,-0.22192151300416582,3.6739403974420594e-16,-1.0,0.4327755925504318,-0.9015016841318837,0.9750645322571947,0.22192151300416582,1.791164487586327e-16,4.076632058437341e-17,77.48841933546929,43,3.784189633918261,0.8929047081195746,1.0,2.8317630175073925,1.0,5.0843034271365575,1.0,1.4984934463654156,1.0,3.451734728698738,25.0,-1.9388583093878178,12.791666666666666,1027.2291666666667,1.6291666666668334,-1.8582859495180002,0.7124370936425539,3.297610692047669,1.0,3.494481087997709,1.0,0.15516357225540717,0.4920866264693915,0.2603991154095664,-0.33692305421398433,0.49827220895426816,1.5802232882609661,0.836212008777985,-1.081951079306698,0.6953948858916689,2.2053792555074017,1.167027869456754,-1.5099843696157327
-0.9659258262890684,0.2588190451025203,-0.9752234565407562,-0.22122208256116715,-0.49999999999999917,-0.8660254037844392,0.43148192803689195,-0.9021215803746003,0.9419935230756113,0.2136841228912839,-0.2524064037834577,-0.05725648816407219,75.34643120465716,44,3.8066624897703196,0.8929047081195746,1.0,2.8317630175073925,1.0,5.0843034271365575,1.0,1.4984934463654156,1.0,3.451734728698738,25.0,-1.9388583093878178,12.791666666666666,1027.2291666666667,1.6291666666668334,-1.8582859495180002,0.7124370936425539,3.297610692047669,1.0,3.494481087997709,1.0,0.14883126263477853,0.4720043040938428,0.24977208614140176,-0.3231730414590643,0.4913995985464109,1.5584274529274378,0.8246782341635749,-1.0670278543810268,0.6912679254240756,2.1922909898497402,1.1601019084243371,-1.5010230644256646
-0.8660254037844386,0.5000000000000001,-0.9753818791109824,-0.22052253830828497,-0.8660254037844387,-0.49999999999999983,0.4301873756029172,-0.902739620196142,0.844705485701113,0.1909781202820018,-0.4876909395554913,-0.11026126915414251,73.28186357482939,45,3.828641396489095,0.8929047081195746,1.0,2.8317630175073925,1.0,5.0843034271365575,1.0,1.4984934463654156,1.0,3.451734728698738,25.0,-1.9388583093878178,12.791666666666666,1027.2291666666667,1.6291666666668334,-1.8582859495180002,0.7124370936425539,3.297610692047669,1.0,3.494481087997709,1.0,0.14275737800752078,0.4527415521969497,0.23957875170698806,-0.3099841741894289,0.48462178125157385,1.5369322450061336,0.8133035435559234,-1.0523104637545597,0.6871654572313705,2.1792803991305263,1.1532170508972246,-1.4921149418991557
-0.7071067811865477,0.7071067811865474,-0.9755397998863717,-0.21982288060540411,-1.0,-4.286263797015736e-16,0.4288919379124835,-0.9033558023246845,0.6898108078170212,0.15543824953604207,-0.6898108078170209,-0.15543824953604202,71.48631299891127,46,3.8501476017100584,0.8929047081195746,1.0,2.8317630175073925,1.0,5.0843034271365575,1.0,1.4984934463654156,1.0,3.451734728698738,25.0,-1.9388583093878178,12.791666666666666,1027.2291666666667,1.6291666666668334,-1.8582859495180002,0.7124370936425539,3.297610692047669,1.0,3.494481087997709,1.0,0.1369313719093579,0.43426492366254077,0.22980141278471092,-0.2973335517531829,0.47793744959941553,1.5157335179782534,0.8020857427278973,-1.0377960683788379,0.6830873359592342,2.1663470223722543,1.1463730529384177,-1.4832596864130199
-0.5000000000000004,0.8660254037844384,-0.9756972187856799,-0.21912310981247302,-0.8660254037844392,0.4999999999999991,0.4275956176313981,-0.9039701254922218,0.4878486093928404,0.1095615549062366,-0.844978577870222,-0.1897661796538488,70.03844168379055,47,3.871201010907891,0.8929047081195746,1.0,2.8317630175073925,1.0,5.0843034271365575,1.0,1.4984934463654156,1.0,3.451734728698738,25.0,-1.9388583093878178,12.791666666666666,1027.2291666666667,1.6291666666668334,-1.8582859495180002,0.7124370936425539,3.297610692047669,1.0,3.494481087997709,1.0,0.13134312828294648,0.41654233636941373,0.2204230923718798,-0.28519920808646726,0.4713453141533804,1.4948271825174462,0.7910226677170822,-1.0234818683640656,0.6790334171159821,2.153490401333181,1.1395696720586104,-1.4744569842171986
-0.25881904510252157,0.9659258262890681,-0.975854135727921,-0.21842322628949562,-0.5000000000000014,0.8660254037844378,0.42629841742727975,-0.9045825884345756,0.25256963556844697,0.056532090856459244,-0.9426027123905965,-0.21098063533440517,68.91011119201826,48,3.8918202981106265,0.8929047081195746,1.0,2.8317630175073925,1.0,5.0843034271365575,1.0,1.4984934463654156,1.0,3.451734728698738,25.0,-1.9388583093878178,12.791666666666666,1027.2291666666667,1.6291666666668334,-1.8582859495180002,0.7124370936425539,3.297610692047669,1.0,3.494481087997709,1.0,0.12598294391273535,0.3995430174851501,0.21142750630650084,-0.27356007357241474,0.4648441032619607,1.4742092057009624,0.7801121844083445,-1.0093651024390016,0.6750035570674442,2.1407100804910915,1.1328066672075987,-1.4657065234236473
0.0,1.0,-0.9760105506323682,-0.21772323039653224,0.0,1.0,0.4250003399695548,-0.9051931898913971,-0.0,-0.0,-0.9760105506323682,-0.21772323039653224,68.00206006942419,49,3.912023005428146,0.8929047081195746,1.0,2.8317630175073925,1.0,5.0843034271365575,1.0,1.4984934463654156,1.0,3.451734728698738,25.0,-1.9388583093878178,12.791666666666666,1027.2291666666667,1.6291666666668334,-1.8582859495180002,0.7124370936425539,3.297610692047669,1.0,3.494481087997709,1.0,0.12084151157666762,0.383237450033328,0.20279903499207141,-0.26239593845666037,0.45843256281338945,1.4538756102316848,0.7693521881221517,-0.9954430474182954,0.6709976130318762,2.128005607027159,1.1260837987657388,-1.4570079939952827
0.25881904510252074,0.9659258262890683,-0.9761664634185518,-0.21702312249370348,0.49999999999999994,0.8660254037844387,0.4237013879294594,-0.9058019286061659,-0.2526504719230943,-0.05616971732898773,-0.9429043977732423,-0.20962823891856422,67.19764752904626,50,3.9318256327243257,0.8929047081195746,1.0,2.8317630175073925,1.0,5.0843034271365575,1.0,1.4984934463654156,1.0,3.451734728698738,25.0,-1.9388583093878178,12.791666666666666,1027.2291666666667,1.6291666666668334,-1.8582859495180002,0.7124370936425539,3.297610692047669,1.0,3.494481087997709,1.0,0.11590990388547145,0.3675973216413584,0.19452269627630212,-0.25168741775588693,0.45210945599371705,1.4338224736708916,0.7587406032085701,-0.9817130176771744,0.667015443074901,2.1153765308099,1.119400828535458,-1.4483610877349988
0.49999999999999994,0.8660254037844387,-0.976321874006261,-0.21632290294118767,0.8660254037844386,0.5000000000000001,0.42240156398002976,-0.906408803326195,-0.48816093700313046,-0.10816145147059382,-0.8455195451598521,-0.187341129367464,66.41841230986537,51,3.9512437185814275,0.8929047081195746,1.0,2.8317630175073925,1.0,5.0843034271365575,1.0,1.4984934463654156,1.0,3.451734728698738,25.0,-1.9388583093878178,12.791666666666666,1027.2291666666667,1.6291666666668334,-1.8582859495180002,0.7124370936425539,3.297610692047669,1.0,3.494481087997709,1.0,0.11117955778147771,0.3525954753799477,0.18658411943667194,-0.24141591759846995,0.44587356304822423,1.4140459276816,0.7482753826468639,-0.9681723646333756,0.6630569061044792,2.102822404379227,1.112757519732815,-1.4397654982747479
0.7071067811865476,0.7071067811865476,-0.9764767823155438,-0.21562257209921706,1.0,6.123233995736766e-17,0.42110087079608965,-0.9070138128026358,-0.6904733544465412,-0.15246818290824166,-0.6904733544465412,-0.15246818290824166,65.66490334353097,52,3.970291913552122,0.8929047081195746,1.0,2.8317630175073925,1.0,5.0843034271365575,1.0,1.4984934463654156,1.0,3.451734728698738,25.0,-1.9388583093878178,12.791666666666666,1027.2291666666667,1.6291666666668334,-1.8582859495180002,0.7124370936425539,3.297610692047669,1.0,3.494481087997709,1.0,0.1066422596700497,0.3382058626088306,0.178969520227648,-0.2315636029387809,0.4397236810461259,1.3945421572823469,0.7379545076506142,-0.9548184762362208,0.6591218618659109,2.0903427829305956,1.1061536369791103,-1.4312209210646845
0.8660254037844386,0.5000000000000001,-0.9766311882667055,-0.21492213032808638,0.8660254037844387,-0.4999999999999998,0.41979931105426144,-0.9076169557904741,-0.8457874191671497,-0.18612802469959275,-0.48831559413335285,-0.10746106516404322,65.03049204516437,53,3.9889840465642745,0.8929047081195746,1.0,2.8317630175073925,1.0,5.0843034271365575,1.0,1.4984934463654156,1.0,3.451734728698738,25.0,-1.9388583093878178,12.791666666666666,1027.2291666666667,1.6291666666668334,-1.8582859495180002,0.7124370936425539,3.297610692047669,1.0,3.494481087997709,1.0,0.10229013115780672,0.32440349774689203,0.17166567694624063,-0.2221133665890853,0.4336586236485213,1.3753074001112642,0.7277759872782885,-0.9416487764627429,0.6552101709368653,2.0779372242992404,1.099588946292546,-1.422727053362375
0.9659258262890683,0.25881904510252074,-0.9767850917803103,-0.21422157798814478,0.49999999999999994,-0.8660254037844387,0.4184968874329458,-0.9082182310485384,-0.9435019468847397,-0.20692215472714684,-0.252810584724958,-0.05544462425524681,64.68351433559319,54,4.007333185232471,0.8929047081195746,1.0,2.8317630175073925,1.0,5.0843034271365575,1.0,1.4984934463654156,1.0,3.451734728698738,25.0,-1.9388583093878178,12.791666666666666,1027.2291666666667,1.6291666666668334,-1.8582859495180002,0.7124370936425539,3.297610692047669,1.0,3.494481087997709,1.0,0.09811561537287915,0.31116441488814683,0.1646599074743372,-0.21304879951526767,0.42767722087954324,1.3563379457003013,0.7177378580491779,-0.9286607248207581,0.651321694722442,2.065605288944514,1.093063215079937,-1.414283594222072
1.0,6.123233995736766e-17,-0.9769384927771817,-0.21352091543979576,1.2246467991473532e-16,-1.0,0.4171936026123163,-0.9088176373395032,-0.9769384927771817,-0.21352091543979576,-5.982022990717076e-17,-1.3074385282217927e-17,64.82204003879139,55,4.02535169073515,0.8929047081195746,1.0,2.8317630175073925,1.0,5.0843034271365575,1.0,1.4984934463654156,1.0,3.451734728698738,25.0,-1.9388583093878178,12.791666666666666,1027.2291666666667,1.6291666666668334,-1.8582859495180002,0.7124370936425539,3.297610692047669,1.0,3.494481087997709,1.0,0.09411146384344096,0.29846562618824424,0.15794004725795044,-0.20435416234480325,0.42177831890066536,1.3376301347594606,0.7078381835646339,-0.9158518158587952,0.647456295450259,2.0533465399343096,1.0865762121284688,-1.4058902444840506
0.9659258262890683,-0.25881904510252063,-0.9770913911784004,-0.21282014304350555,-0.4999999999999997,-0.8660254037844388,0.41588945927432996,-0.9094151734298836,-0.9437978093839317,-0.2055684725202558,0.25288986084268705,0.055081906201101954,65.61339845724333,56,4.04305126783455,0.8929047081195746,1.0,2.8317630175073925,1.0,5.0843034271365575,1.0,1.4984934463654156,1.0,3.451734728698738,25.0,-1.9388583093878178,12.791666666666666,1027.2291666666667,1.6291666666668334,-1.8582859495180002,0.7124370936425539,3.297610692047669,1.0,3.494481087997709,1.0,0.09027072391173645,0.286285081949241,0.15149442818514514,-0.19601435803750455,0.41596077978812124,1.3191803584709039,0.6980750541345286,-0.9032195786827826,0.6436138361655729,2.0411605429295827,1.0801277075975049,-1.3975467067640095
0.8660254037844387,-0.4999999999999998,-0.9772437869053067,-0.2121192611597908,-0.8660254037844385,-0.5000000000000004,0.4145844601026994,-0.9100108380900489,-0.8463179451505022,-0.18370066879636462,0.4886218934526531,0.10605963057989536,67.13516949734385,57,4.060443010546419,0.8929047081195746,1.0,2.8317630175073925,1.0,5.0843034271365575,1.0,1.4984934463654156,1.0,3.451734728698738,25.0,-1.9388583093878178,12.791666666666666,1027.2291666666667,1.6291666666668334,-1.8582859495180002,0.7124370936425539,3.297610692047669,1.0,3.494481087997709,1.0,0.08658672666174735,0.27460163233333756,0.14531185832596866,-0.18801490567159018,0.4102234813133941,1.300985057792796,0.6884465864088667,-0.8907615764794018,0.6397941807264256,2.0290468661689602,1.0737174730104455,-1.3892526854425344
0.7071067811865476,-0.7071067811865475,-0.9773956798794989,-0.211418270149228,-1.0,-1.8369701987210297e-16,0.4132786077829046,-0.9106046300942161,-0.6911231131452298,-0.14949529248924856,0.6911231131452297,0.14949529248924856,69.3344185279832,58,4.07753744390572,0.8929047081195746,1.0,2.8317630175073925,1.0,5.0843034271365575,1.0,1.4984934463654156,1.0,3.451734728698738,25.0,-1.9388583093878178,12.791666666666666,1027.2291666666667,1.6291666666668334,-1.8582859495180002,0.7124370936425539,3.297610692047669,1.0,3.494481087997709,1.0,0.0830530753395388,0.26339499063909727,0.1393816024992059,-0.18034191529955843,0.4045653167267342,1.2830407227727505,0.6789509230144798,-0.8784754060460161,0.6359971937988202,2.0170050804534436,1.06734528124663,-1.3810078866546234
0.49999999999999994,-0.8660254037844387,-0.9775470700228345,-0.2107171703724489,-0.8660254037844386,0.5000000000000001,0.4119719050021797,-0.9111965482204567,-0.4887735350114172,-0.10535858518622443,0.8465805960348202,0.1824864225561144,72.01746031629679,59,4.0943445622221,0.8929047081195746,1.0,2.8317630175073925,1.0,5.0843034271365575,1.0,1.4984934463654156,1.0,3.451734728698738,25.0,-1.9388583093878178,12.791666666666666,1027.2291666666667,1.6291666666668334,-1.8582859495180002,0.7124370936425539,3.297610692047669,1.0,3.494481087997709,1.0,0.07966363424617658,0.2526456980763822,0.133693363632215,-0.17298206383020565,0.39898519454366177,1.2653438918707445,0.6695862321967307,-0.8663586973270827,0.6322227408519274,2.005034759131203,1.0610109065332913,-1.3728120182792753
0.258819045102521,-0.9659258262890682,-0.9776979572574287,-0.21001596219014207,-0.5000000000000004,0.8660254037844384,0.41066435444951055,-0.9117865912506976,-0.2530468516960531,-0.05435613079033973,0.9443837072250159,0.20285984181240668,74.87455979253718,60,4.110873864173311,0.8929047081195746,1.0,2.8317630175073925,1.0,5.0843034271365575,1.0,1.4984934463654156,1.0,3.451734728698738,25.0,-1.9388583093878178,12.791666666666666,1027.2291666666667,1.6291666666668334,-1.8582859495180002,0.7124370936425539,3.297610692047669,1.0,3.494481087997709,1.0,0.07641251808393104,0.24233508997884423,0.12823726488147888,-0.1659225718949132,0.3934820383344152,1.2478911512913726,0.6603507074661602,-0.8544091129569575,0.6284706881533175,1.9931354780824582,1.0547141244375566,-1.3646647899291404
1.2246467991473532e-16,-1.0,-0.9778483415056568,-0.20931464596304836,-2.4492935982947064e-16,1.0,0.40935595881562115,-0.9123747579707274,-1.1975188414764507e-16,-2.5633651119330863e-17,0.9778483415056568,0.20931464596304836,77.53480522588434,61,4.127134385045092,0.8929047081195746,1.0,2.8317630175073925,1.0,5.0843034271365575,1.0,1.4984934463654156,1.0,3.451734728698738,25.0,-1.9388583093878178,12.791666666666666,1027.2291666666667,1.6291666666668334,-1.8582859495180002,0.7124370936425539,3.297610692047669,1.0,3.494481087997709,1.0,0.07329408173726804,0.23244526339530183,0.12300383248282651,-0.15915118165803377,0.38805478651630265,1.2306791343253107,0.6512425672500071,-0.842624347809008,0.6247409027642229,1.9813068157044529,1.0484547118584941,-1.3565659129402299
-0.2588190451025208,-0.9659258262890683,-0.9779982226901518,-0.20861322205196944,0.5,0.8660254037844386,0.4080467207929842,-0.9129610471701913,0.25312456610862755,0.05399307492725087,0.9446737413612251,0.20150489888537348,79.63836744106246,62,4.143134726391533,0.8929047081195746,1.0,2.8317630175073925,1.0,5.0843034271365575,1.0,1.4984934463654156,1.0,3.451734728698738,25.0,-1.9388583093878178,12.791666666666666,1027.2291666666667,1.6291666666668334,-1.8582859495180002,0.7124370936425539,3.297610692047669,1.0,3.494481087997709,1.0,0.07030291047088294,0.22295904600373023,0.11798397930154576,-0.15265613553284726,0.3827023921489188,1.2137045206998636,0.6422600545485355,-0.8310021285509447,0.6210332525348277,1.9695483528965176,1.0422324470192097,-1.34851510036169
-0.4999999999999997,-0.8660254037844388,-0.9781476007338056,-0.2079116908177598,0.8660254037844384,0.5000000000000004,0.40673664307580104,-0.9135454576426005,0.4890738003669025,0.10395584540887984,0.847100670886274,0.1800568059919558,80.9086321856348,63,4.1588830833596715,0.8929047081195746,1.0,2.8317630175073925,1.0,5.0843034271365575,1.0,1.4984934463654156,1.0,3.451734728698738,25.0,-1.9388583093878178,12.791666666666666,1027.2291666666667,1.6291666666668334,-1.8582859495180002,0.7124370936425539,3.297610692047669,1.0,3.494481087997709,1.0,0.06743381052775853,0.2138599662938893,0.11316898905382543,-0.14642615576613074,0.3774238227321848,1.1969640359384692,0.6334014365961015,-0.8195402132062843,0.6173476060995857,1.95785967304522,1.0360471094589887,-1.3405120669456343
-0.7071067811865471,-0.7071067811865479,-0.9782964755597695,-0.20721005262132733,1.0,1.1943401194869635e-15,0.4054257283599978,-0.9141279881853336,0.6917600718792122,0.14651963333856183,0.691760071879213,0.146519633338562,81.20653278228501,64,4.174387269895637,0.8929047081195746,1.0,2.8317630175073925,1.0,5.0843034271365575,1.0,1.4984934463654156,1.0,3.451734728698738,25.0,-1.9388583093878178,12.791666666666666,1027.2291666666667,1.6291666666668334,-1.8582859495180002,0.7124370936425539,3.297610692047669,1.0,3.494481087997709,1.0,0.0646818001109212,0.20513222496681427,0.10855050117212882,-0.14045042485589307,0.3722180600071749,1.1804544507290389,0.6246650045268958,-0.808236390721864,0.613683832872566,1.9462403620096032,1.029898480025485,-1.332556529137037
-0.8660254037844385,-0.5000000000000004,-0.9784448470914534,-0.2065083078236376,0.8660254037844392,-0.4999999999999992,0.4041139793432278,-0.9147086375996355,0.8473580937831791,0.17884144066780688,0.48922242354572715,0.1032541539118189,80.55387286930817,65,4.189654742026425,0.8929047081195746,1.0,2.8317630175073925,1.0,5.0843034271365575,1.0,1.4984934463654156,1.0,3.451734728698738,25.0,-1.9388583093878178,12.791666666666666,1027.2291666666667,1.6291666666668334,-1.8582859495180002,0.7124370936425539,3.297610692047669,1.0,3.494481087997709,1.0,0.06204210073323631,0.19676066750150822,0.10412049628821914,-0.1347185667682719,0.36708409975969,1.1641725803010088,0.6160490730452952,-0.7970884805413189,0.6100418030428258,1.9346900081065124,1.0237863408669554,-1.3246482050636865
-0.9659258262890683,-0.25881904510252063,-0.9785927152525261,-0.20580645678571016,0.4999999999999998,-0.8660254037844388,0.40280139872485954,-0.9152874046906232,0.9452479770807592,0.19879377182636251,0.2532784321059417,0.05326663062121068,79.12033949853874,66,4.204692619390966,0.8929047081195746,1.0,2.8317630175073925,1.0,5.0843034271365575,1.0,1.4984934463654156,1.0,3.451734728698738,25.0,-1.9388583093878178,12.791666666666666,1027.2291666666667,1.6291666666668334,-1.8582859495180002,0.7124370936425539,3.297610692047669,1.0,3.494481087997709,1.0,0.059510128920223386,0.18873075784120327,0.09987128230863093,-0.12922062892097988,0.3620209516265399,1.1481152838109832,0.6075519801007628,-0.7860943321844432,0.6064213875698117,1.9232082020960104,1.0177104754245425,-1.3167868145261985
-1.0,-1.8369701987210297e-16,-0.9787400799669153,-0.2051044998686192,3.6739403974420594e-16,-1.0,0.401487989205973,-0.9158642882672872,0.9787400799669153,0.2051044998686192,1.797916359193061e-16,3.7677085388223483e-17,77.17817270073175,67,4.219507705176107,0.8929047081195746,1.0,2.8317630175073925,1.0,5.0843034271365575,1.0,1.4984934463654156,1.0,3.451734728698738,25.0,-1.9388583093878178,12.791666666666666,1027.2291666666667,1.6291666666668334,-1.8582859495180002,0.7124370936425539,3.297610692047669,1.0,3.494481087997709,1.0,0.057081488251483896,0.1810285531535,0.09579548105840918,-0.1239470649020161,0.35702763890449873,1.132279463736853,0.5991720865672305,-0.7752518248323541,0.6028224581787871,1.9117945371668756,1.0116706684246,-1.3089720789880883
-0.9659258262890684,0.2588190451025203,-0.9788869411588076,-0.2044024374334934,-0.49999999999999917,-0.8660254037844392,0.4001737534893538,-0.9164392871424937,0.9455321774823999,0.19743759327344673,-0.25335458337404954,-0.05290324367316441,75.0366276562489,68,4.23410650459726,0.8929047081195746,1.0,2.8317630175073925,1.0,5.0843034271365575,1.0,1.4984934463654156,1.0,3.451734728698738,25.0,-1.9388583093878178,12.791666666666666,1027.2291666666667,1.6291666666668334,-1.8582859495180002,0.7124370936425539,3.297610692047669,1.0,3.494481087997709,1.0,0.054751961726922496,0.17364067962055846,0.09188601546992425,-0.11888871789363596,0.3521031983618937,1.1166620652802692,0.5909077759269045,-0.7645588669183755,0.5992448873562878,1.9004486089221893,1.0056667058710667,-1.3012037215659014
-0.8660254037844386,0.5000000000000001,-0.9790332987526489,-0.20370026984151654,-0.8660254037844387,-0.49999999999999983,0.39885869427948933,-0.9170124001329867,0.8478677078706737,0.17640960844049847,-0.48951664937632455,-0.1018501349207583,72.97328451084759,69,4.248495242049359,0.8929047081195746,1.0,2.8317630175073925,1.0,5.0843034271365575,1.0,1.4984934463654156,1.0,3.451734728698738,25.0,-1.9388583093878178,12.791666666666666,1027.2291666666667,1.6291666666668334,-1.8582859495180002,0.7124370936425539,3.297610692047669,1.0,3.494481087997709,1.0,0.05251750444450709,0.1665543092173052,0.08813609729451849,-0.11403680477279812,0.3472466800527944,1.1012600757773612,0.5827574539584327,-0.7540133957245667,0.5956885483456036,1.889170015365008,0.9996983750378843,-1.2934814670194044
-0.7071067811865477,0.7071067811865474,-0.9791791526731443,-0.202997997453924,-1.0,-4.286263797015736e-16,0.3975428142825568,-0.9175836260593934,0.6923842188516782,0.1435412605669592,-0.6923842188516779,-0.14354126056695912,71.17964442181105,70,4.2626798770413155,0.8929047081195746,1.0,2.8317630175073925,1.0,5.0843034271365575,1.0,1.4984934463654156,1.0,3.451734728698738,25.0,-1.9388583093878178,12.791666666666666,1027.2291666666667,1.6291666666668334,-1.8582859495180002,0.7124370936425539,3.297610692047669,1.0,3.494481087997709,1.0,0.05037423657685351,0.15975713743733455,0.08453921531564738,-0.10938290086048104,0.3424571471337635,1.0860705241175779,0.5747195484293713,-0.7436133769838144,0.5921533151422878,1.8779583568841196,0.9937654644614593,-1.2858050417418319
-0.5000000000000004,0.8660254037844384,-0.9793245028452577,-0.20229562063200668,-0.8660254037844392,0.4999999999999991,0.3962261162064256,-0.9181529637462225,0.4896622514226293,0.10114781031600342,-0.8481198980125587,-0.17519314654165716,69.73422726595216,71,4.276666119016055,0.8929047081195746,1.0,2.8317630175073925,1.0,5.0843034271365575,1.0,1.4984934463654156,1.0,3.451734728698738,25.0,-1.9388583093878178,12.791666666666666,1027.2291666666667,1.6291666666668334,-1.8582859495180002,0.7124370936425539,3.297610692047669,1.0,3.494481087997709,1.0,0.048318436634439424,0.15323736192782694,0.08108912404304837,-0.1049189252933875,0.33773367568313606,1.0710904801705505,0.5667925087928959,-0.7333568044874145,0.5886390624896917,1.8668132362398837,0.9878677639331714,-1.278174173750192
-0.25881904510252157,0.9659258262890681,-0.979469349194212,-0.2015931397371119,-0.5000000000000014,0.8660254037844378,0.39490860276065365,-0.9187204120218666,0.2535053216656342,0.052176143925978496,-0.946094740445235,-0.19472402007477738,68.60871510773156,72,4.290459441148391,0.8929047081195746,1.0,2.8317630175073925,1.0,5.0843034271365575,1.0,1.4984934463654156,1.0,3.451734728698738,25.0,-1.9388583093878178,12.791666666666666,1027.2291666666667,1.6291666666668334,-1.8582859495180002,0.7124370936425539,3.297610692047669,1.0,3.494481087997709,1.0,0.046346535003750224,0.1469836619963888,0.0777798328683071,-0.10063712699263855,0.3330753545227904,1.0563170542208553,0.5589748058886925,-0.7232416996980647,0.5851456658745279,1.8557342585501597,0.982005064491926,-1.2705885926756317
0.0,1.0,-0.9796136916454901,-0.20089055513063528,0.0,1.0,0.39359027665646695,-0.9192859697186104,-0.0,-0.0,-0.9796136916454901,-0.20089055513063528,67.70364213514983,73,4.30406509320417,0.8929047081195746,1.0,2.8317630175073925,1.0,5.0843034271365575,1.0,1.4984934463654156,1.0,3.451734728698738,25.0,-1.9388583093878178,12.791666666666666,1027.2291666666667,1.6291666666668334,-1.8582859495180002,0.7124370936425539,3.297610692047669,1.0,3.494481087997709,1.0,0.04445510774913686,0.14098517895422924,0.074605595662991,-0.09653007120509238,0.32848128504237895,1.0417473964105768,0.5512649316479777,-0.7132661113681978,0.5816730015224579,1.8447210312763138,0.9761771584167497,-1.2630480297538558
0.25881904510252074,0.9659258262890683,-0.9797575301248331,-0.20018786717402928,0.49999999999999994,0.8660254037844387,0.3922711406067702,-0.9198496356726265,-0.25357990837891353,-0.051812432623092514,-0.9463731018487662,-0.1933666310131205,66.90215234983734,74,4.31748811353631,0.8929047081195746,1.0,2.8317630175073925,1.0,5.0843034271365575,1.0,1.4984934463654156,1.0,3.451734728698738,25.0,-1.9388583093878178,12.791666666666666,1027.2291666666667,1.6291666666668334,-1.8582859495180002,0.7124370936425539,3.297610692047669,1.0,3.494481087997709,1.0,0.04264087066762283,0.13523149726154185,0.07156090080128823,-0.09259062659391903,0.323950581025981,1.0273786961895566,0.5436613988025842,-0.7034281151635755,0.578220946393707,1.8337731642093114,0.9703838392194309,-1.2555522178156044
0.49999999999999994,0.8660254037844387,-0.979900864558242,-0.19948507622879955,0.8660254037844386,0.5000000000000001,0.390951197326135,-0.9204114087239801,-0.48995043227912094,-0.09974253811439976,-0.8486190418977722,-0.17275914369001566,66.1255731698896,75,4.330733340286331,0.8929047081195746,1.0,2.8317630175073925,1.0,5.0843034271365575,1.0,1.4984934463654156,1.0,3.451734728698738,25.0,-1.9388583093878178,12.791666666666666,1027.2291666666667,1.6291666666668334,-1.8582859495180002,0.7124370936425539,3.297610692047669,1.0,3.494481087997709,1.0,0.04090067358633811,0.12971262644235423,0.06864046158982853,-0.0888119528560161,0.31948236848114914,1.0132081817732264,0.536162740598061,-0.6937258132920773,0.5747893781787043,1.8228902694558917,0.964624901637204,-1.2481008912771874
0.7071067811865476,0.7071067811865476,-0.9800436948719772,-0.19878218265650205,1.0,6.123233995736766e-17,0.38963044953078907,-0.9209712877166341,-0.6929955425030948,-0.14056022933547552,-0.6929955425030948,-0.14056022933547552,65.37426056851744,76,4.343805421853684,0.8929047081195746,1.0,2.8317630175073925,1.0,5.0843034271365575,1.0,1.4984934463654156,1.0,3.451734728698738,25.0,-1.9388583093878178,12.791666666666666,1027.2291666666667,1.6291666666668334,-1.8582859495180002,0.7124370936425539,3.297610692047669,1.0,3.494481087997709,1.0,0.03923149489267772,0.1244189837374422,0.06583920708806829,-0.08518748884476447,0.3150757854703115,0.9992331196079193,0.52876751051073,-0.6841573341376078,0.5713781752937501,1.8120719614248244,0.9589001416254759,-1.240693786131074
0.8660254037844386,0.5000000000000001,-0.9801860209925582,-0.19807918681874734,0.8660254037844387,-0.4999999999999998,0.3883088999386191,-0.9215292714984475,-0.8488659946139424,-0.17154160774599891,-0.49009301049627924,-0.0990395934093737,64.74142457351012,77,4.356708826689592,0.8929047081195746,1.0,2.8317630175073925,1.0,5.0843034271365575,1.0,1.4984934463654156,1.0,3.451734728698738,25.0,-1.9388583093878178,12.791666666666666,1027.2291666666667,1.6291666666668334,-1.8582859495180002,0.7124370936425539,3.297610692047669,1.0,3.494481087997709,1.0,0.037630436287687474,0.11934137746518789,0.06315227330330035,-0.08171094117750041,0.3107299819445006,0.9854508138435548,0.5214742819686454,-0.6747208318990542,0.5679872168767074,1.8013178568132477,0.9532093563505977,-1.2333306399365402
0.9659258262890683,0.25881904510252074,-0.9803278428467636,-0.1973760890772012,0.49999999999999994,-0.8660254037844387,0.3869865512691666,-0.9220853589211775,-0.9469239816359399,-0.19065066193160032,-0.25372751617301337,-0.051084690901031286,64.39528233068009,78,4.3694478524670215,0.8929047081195746,1.0,2.8317630175073925,1.0,5.0843034271365575,1.0,1.4984934463654156,1.0,3.451734728698738,25.0,-1.9388583093878178,12.791666666666666,1027.2291666666667,1.6291666666668334,-1.8582859495180002,0.7124370936425539,3.297610692047669,1.0,3.494481087997709,1.0,0.03609471775356696,0.1144709910614903,0.060574994745000575,-0.07837627330792332,0.30644411957937506,0.971858605813598,0.5142816480764018,-0.6654144862342228,0.5646163827827193,1.7906275745930873,0.947552344182677,-1.2260111918103678
1.0,6.123233995736766e-17,-0.980469160361632,-0.19667288979357653,1.2246467991473532e-16,-1.0,0.38566340624360756,-0.9226395488404874,-0.980469160361632,-0.19667288979357653,-6.003642094497828e-17,-1.2042741248238183e-17,64.53383561967598,79,4.382026634673881,0.8929047081195746,1.0,2.8317630175073925,1.0,5.0843034271365575,1.0,1.4984934463654156,1.0,3.451734728698738,25.0,-1.9388583093878178,12.791666666666666,1027.2291666666667,1.6291666666668334,-1.8582859495180002,0.7124370936425539,3.297610692047669,1.0,3.494481087997709,1.0,0.034621672726551464,0.10979936777101588,0.058102896323846,-0.07517769504446442,0.30221737161350337,0.9584538735221907,0.5071882213437376,-0.6562365019086872,0.5612655535799536,1.7800007359975567,0.9419289046884347,-1.2187351824176031
0.9659258262890683,-0.25881904510252063,-0.9806099734644614,-0.1959695893296412,-0.4999999999999997,-0.8660254037844388,0.38433946758476173,-0.9231918401159436,-0.9471964988859612,-0.18929208750076307,0.25380053695008,0.05072066197943085,65.32440106997423,80,4.394449154672439,0.8929047081195746,1.0,2.8317630175073925,1.0,5.0843034271365575,1.0,1.4984934463654156,1.0,3.451734728698738,25.0,-1.9388583093878178,12.791666666666666,1027.2291666666667,1.6291666666668334,-1.8582859495180002,0.7124370936425539,3.297610692047669,1.0,3.494481087997709,1.0,0.03320874346679116,0.10531839596320736,0.0557316855813384,-0.07210965249641618,0.29804892268887784,0.9452340311383578,0.5001926334178827,-0.64718510844948,0.5579346105453693,1.769436964507737,0.9363388386241034,-1.2115023539623675
0.8660254037844387,-0.4999999999999998,-0.9807502820828086,-0.19526618804721768,-0.8660254037844385,-0.5000000000000004,0.38301473801708696,-0.9237422316110172,-0.8493546590524664,-0.16910547934903983,0.49037514104140406,0.0976330940236088,66.84460213266168,81,4.406719247264253,0.8929047081195746,1.0,2.8317630175073925,1.0,5.0843034271365575,1.0,1.4984934463654156,1.0,3.451734728698738,25.0,-1.9388583093878178,12.791666666666666,1027.2291666666667,1.6291666666668334,-1.8582859495180002,0.7124370936425539,3.297610692047669,1.0,3.494481087997709,1.0,0.03185347661718804,0.10102029504755408,0.05345724523654115,-0.06916681843036604,0.2939379686936286,0.9321965284971889,0.49329353481959665,-0.6382585598035603,0.5546234356605119,1.7589358858392359,0.9307819479283672,-1.204312450178724
0.7071067811865476,-0.7071067811865475,-0.9808900861444907,-0.19456268630817594,-1.0,-1.8369701987210297e-16,0.3816892202666604,-0.9242907221930926,-0.6935940315114262,-0.13757659485438226,0.6935940315114261,0.13757659485438223,69.04160093465384,82,4.418840607796598,0.8929047081195746,1.0,2.8317630175073925,1.0,5.0843034271365575,1.0,1.4984934463654156,1.0,3.451734728698738,25.0,-1.9388583093878178,12.791666666666666,1027.2291666666667,1.6291666666668334,-1.8582859495180002,0.7124370936425539,3.297610692047669,1.0,3.494481087997709,1.0,0.030553518943479227,0.09689760196366837,0.051275626036987966,-0.06634408302018913,0.289883716606907,0.9193388506079007,0.4864895946828491,-0.6294551340009936,0.5513319116073305,1.7484971279289272,0.9252580357153454,-1.1971652163215967
0.49999999999999994,-0.8660254037844387,-0.9810293855775845,-0.19385908447443767,-0.8660254037844386,0.5000000000000001,0.38036291706118125,-0.9248373107334656,-0.4905146927887922,-0.09692954223721882,0.8495963697692274,0.16788689190925649,71.72185556659093,83,4.430816798843313,0.8929047081195746,1.0,2.8317630175073925,1.0,5.0843034271365575,1.0,1.4984934463654156,1.0,3.451734728698738,25.0,-1.9388583093878178,12.791666666666666,1027.2291666666667,1.6291666666668334,-1.8582859495180002,0.7124370936425539,3.297610692047669,1.0,3.494481087997709,1.0,0.029306613248169616,0.09294315822270843,0.04918303990134969,-0.06363654497453881,0.28588538434590827,0.9066585171686837,0.47977950049808904,-0.6207731328227755,0.5480599217640223,1.7381203209217686,0.919766906267616,-1.1900603991577463
0.258819045102521,-0.9659258262890682,-0.9811681803104253,-0.19315538290798126,-0.5000000000000004,0.8660254037844384,0.37903583112997474,-0.9253819961073423,-0.2539450115129224,-0.04999229176065552,0.947735685294889,0.18657377283757315,74.57581101310035,84,4.442651256490317,0.8929047081195746,1.0,2.8317630175073925,1.0,5.0843034271365575,1.0,1.4984934463654156,1.0,3.451734728698738,25.0,-1.9388583093878178,12.791666666666666,1027.2291666666667,1.6291666666668334,-1.8582859495180002,0.7124370936425539,3.297610692047669,1.0,3.494481087997709,1.0,0.02811059445121928,0.08915009747764842,0.04717585334195268,-0.061039503026429125,0.28194220061500447,0.894153082088242,0.47316195785905674,-0.6122108814732374,0.5448073502008993,1.7278050971576955,0.9143083650292808,-1.182997746956796
1.2246467991473532e-16,-1.0,-0.9813064702716092,-0.19245158197083032,-2.4492935982947064e-16,1.0,0.37770796520396555,-0.9259247771938496,-1.2017538278007136e-16,-2.3568521385142182e-17,0.9813064702716092,0.19245158197083032,77.23275998206434,85,4.454347296253507,0.8929047081195746,1.0,2.8317630175073925,1.0,5.0843034271365575,1.0,1.4984934463654156,1.0,3.451734728698738,25.0,-1.9388583093878178,12.791666666666666,1027.2291666666667,1.6291666666668334,-1.8582859495180002,0.7124370936425539,3.297610692047669,1.0,3.494481087997709,1.0,0.02696338583068018,0.08551183360081235,0.04525058115572792,-0.05854844777013216,0.2780534047569584,0.8818201330139314,0.4666356902130867,-0.603766728256973,0.541574081676282,1.7175510911585963,0.9088822185990731,-1.1759770094823143
-0.2588190451025208,-0.9659258262890683,-0.9814442553899919,-0.19174768202506218,0.5,0.8660254037844386,0.37637932201568813,-0.9264656528760313,0.25401646500139224,0.049627951962348385,0.9480023533442373,0.18521403819907173,79.33308810937179,86,4.465908118654584,0.8929047081195746,1.0,2.8317630175073925,1.0,5.0843034271365575,1.0,1.4984934463654156,1.0,3.451734728698738,25.0,-1.9388583093878178,12.791666666666666,1027.2291666666667,1.6291666666668334,-1.8582859495180002,0.7124370936425539,3.297610692047669,1.0,3.494481087997709,1.0,0.025862995416754353,0.08202204924797017,0.043403880372635664,-0.056159053831215805,0.274218246606189,0.8696572908664059,0.46019943861485546,-0.5954390442602168,0.5383600016324156,1.7073579396153629,0.9034882747235049,-1.1689979379829472
-0.4999999999999997,-0.8660254037844388,-0.9815815355946877,-0.19104368343280773,0.8660254037844384,0.5000000000000004,0.37504990429928164,-0.9270046220408503,0.4907907677973436,0.09552184171640381,0.8500745457107389,0.1654486830853638,80.60039160937231,87,4.477336814478207,0.8929047081195746,1.0,2.8317630175073925,1.0,5.0843034271365575,1.0,1.4984934463654156,1.0,3.451734728698738,25.0,-1.9388583093878178,12.791666666666666,1027.2291666666667,1.6291666666668334,-1.8582859495180002,0.7124370936425539,3.297610692047669,1.0,3.494481087997709,1.0,0.02480751253301273,0.07867468488913948,0.04163254445105837,-0.053867172356126744,0.2704359863440619,0.8576622093806835,0.4538519614835255,-0.5872262230366216,0.5351649961914113,1.6972252813750177,0.8981263422900547,-1.1620602851836064
-0.7071067811865471,-0.7071067811865479,-0.981718310815072,-0.1903395865562434,1.0,1.1943401194869635e-15,0.3737197147904689,-0.9275416835791966,0.6941796747923398,0.13459041238216343,0.6941796747923406,0.1345904123821636,80.89579551360202,88,4.48863636973214,0.8929047081195746,1.0,2.8317630175073925,1.0,5.0843034271365575,1.0,1.4984934463654156,1.0,3.451734728698738,25.0,-1.9388583093878178,12.791666666666666,1027.2291666666667,1.6291666666668334,-1.8582859495180002,0.7124370936425539,3.297610692047669,1.0,3.494481087997709,1.0,0.023795104478768626,0.07546392828704622,0.03993349771008275,-0.05166882380827759,0.26670589435617437,0.8458325746535409,0.44759203436323863,-0.5791266802973665,0.5319889521512113,1.6871527574279175,0.8927962313203965,-1.1551638052767061
-0.8660254037844385,-0.5000000000000004,-0.9818545809807793,-0.18963539175759964,0.8660254037844392,-0.4999999999999992,0.3723887562265678,-0.9280768363858835,0.85031100995148,0.16422906671869542,0.4909272904903901,0.0948176958787999,80.24126328810598,89,4.499809670330265,0.8929047081195746,1.0,2.8317630175073925,1.0,5.0843034271365575,1.0,1.4984934463654156,1.0,3.451734728698738,25.0,-1.9388583093878178,12.791666666666666,1027.2291666666667,1.6291666666668334,-1.8582859495180002,0.7124370936425539,3.297610692047669,1.0,3.494481087997709,1.0,0.022824013346845307,0.07238420440497481,0.03830378998900329,-0.049560191058129505,0.2630272510916102,0.8341661046971516,0.44141844968691335,-0.5711388536055414,0.5288317569815788,1.6771400108950354,0.8874977529636698,-1.1483082539134564
-0.9659258262890683,-0.25881904510252063,-0.9819903460217039,-0.18893109939915728,0.4999999999999998,-0.8660254037844388,0.37105703134647877,-0.9286100793596515,0.9485298363889024,0.18249342829883308,0.25415780365723123,0.0488989667366593,78.80659899692168,90,4.51085950651685,0.8929047081195746,1.0,2.8317630175073925,1.0,5.0843034271365575,1.0,1.4984934463654156,1.0,3.451734728698738,25.0,-1.9388583093878178,12.791666666666666,1027.2291666666667,1.6291666666668334,-1.8582859495180002,0.7124370936425539,3.297610692047669,1.0,3.494481087997709,1.0,0.021892552971212266,0.06943016572648467,0.0367405915247745,-0.04753761275527239,0.25939934692413497,0.8226605489988816,0.4353300165433003,-0.5632612020747466,0.5256932988201092,1.6671866870153123,0.8822307194897862,-1.141493388195203
-1.0,-1.8369701987210297e-16,-0.9821256058680005,-0.18822670984324474,3.6739403974420594e-16,-1.0,0.36972454289067413,-0.929141411403174,0.9821256058680005,0.18822670984324474,1.8041354693803525e-16,3.457668565853509e-17,76.86410886982009,91,4.5217885770490405,0.8929047081195746,1.0,2.8317630175073925,1.0,5.0843034271365575,1.0,1.4984934463654156,1.0,3.451734728698738,25.0,-1.9388583093878178,12.791666666666666,1027.2291666666667,1.6291666666668334,-1.8582859495180002,0.7124370936425539,3.297610692047669,1.0,3.494481087997709,1.0,0.020999105999190144,0.06659668297018433,0.03524118803851706,-0.045597576970994175,0.255821482015306,0.8113136880871544,0.42932556044724957,-0.5554922060718483,0.5225734664682687,1.6572924331330916,0.8769949442827797,-1.134718966664823
-0.9659258262890684,0.2588190451025203,-0.9822603604500831,-0.18752222345224218,-0.49999999999999917,-0.8660254037844392,0.3683912936012009,-0.9296708314230547,0.9487906502987448,0.18113255863567035,-0.2542276885337479,-0.04853432280941076,74.7230589587975,92,4.532599493153256,0.8929047081195746,1.0,2.8317630175073925,1.0,5.0843034271365575,1.0,1.4984934463654156,1.0,3.451734728698738,25.0,-1.9388583093878178,12.791666666666666,1027.2291666666667,1.6291666666668334,-1.8582859495180002,0.7124370936425539,3.297610692047669,1.0,3.494481087997709,1.0,0.02014212108314045,0.06387883618344051,0.03380297602254624,-0.043736715100300055,0.25229296617947056,0.8001233331033055,0.4234039231131479,-0.5478303669238349,0.519472149387453,1.647456898685622,0.8717902418341942,-1.127984749298169
-0.8660254037844386,0.5000000000000001,-0.9823946096986258,-0.1868176405885822,-0.8660254037844387,-0.49999999999999983,0.3670572862216767,-0.9301983383298307,0.8507786885399083,0.16178882262478303,-0.491197304849313,-0.09340882029429111,72.66098423095403,93,4.543294782270004,0.8929047081195746,1.0,2.8317630175073925,1.0,5.0843034271365575,1.0,1.4984934463654156,1.0,3.451734728698738,25.0,-1.9388583093878178,12.791666666666666,1027.2291666666667,1.6291666666668334,-1.8582859495180002,0.7124370936425539,3.297610692047669,1.0,3.494481087997709,1.0,0.019320110186764005,0.06127190619955785,0.03242345821973933,-0.04195179601279384,0.2488131187506261,0.789087325379343,0.4175639622314804,-0.540274206628717,0.5163892376950714,1.6376797351906365,0.8666164277365105,-1.121290497495565
-0.7071067811865477,0.7071067811865474,-0.9825283535445629,-0.18611296161474178,-1.0,-4.286263797015736e-16,0.36572252349726936,-0.9307239310379793,0.6947524614994142,0.13160173722449556,-0.6947524614994138,-0.1316017372244955,70.86928773103956,94,4.553876891600541,0.8929047081195746,1.0,2.8317630175073925,1.0,5.0843034271365575,1.0,1.4984934463654156,1.0,3.451734728698738,25.0,-1.9388583093878178,12.791666666666666,1027.2291666666667,1.6291666666668334,-1.8582859495180002,0.7124370936425539,3.297610692047669,1.0,3.494481087997709,1.0,0.0185316460013309,0.05877136644359594,0.031100239287392598,-0.04023972044226504,0.24538126845111655,0.7782035360215303,0.41180455124847376,-0.5328222675704137,0.5133246221606538,1.6279605962340076,0.8614733186766136,-1.1146359740733538
-0.5000000000000004,0.8660254037844384,-0.9826615919190885,-0.18540818689325086,-0.8660254037844392,0.4999999999999991,0.3643870081747076,-0.9312476084659147,0.4913307959595447,0.09270409344662552,-0.8510099019251877,-0.1605681999191682,69.42634503025636,95,4.564348191467836,0.8929047081195746,1.0,2.8317630175073925,1.0,5.0843034271365575,1.0,1.4984934463654156,1.0,3.451734728698738,25.0,-1.9388583093878178,12.791666666666666,1027.2291666666667,1.6291666666668334,-1.8582859495180002,0.7124370936425539,3.297610692047669,1.0,3.494481087997709,1.0,0.017775359467355322,0.05637287507259502,0.029831021638038403,-0.038597515605239704,0.24199675326214054,0.7674698654997137,0.4061245791487796,-0.5254731122375731,0.5102781942019798,1.61829913745747,0.8563607324292959,-1.1080209432554902
-0.25881904510252157,0.9659258262890681,-0.9827943247536568,-0.18470331678668864,-0.5000000000000014,0.8660254037844378,0.36305074300226886,-0.9317693695359923,0.25436588866491894,0.047804736077999295,-0.9493064202098827,-0.17840970388551372,68.30365759645049,96,4.574710978503383,0.8929047081195746,1.0,2.8317630175073925,1.0,5.0843034271365575,1.0,1.4984934463654156,1.0,3.451734728698738,25.0,-1.9388583093878178,12.791666666666666,1027.2291666666667,1.6291666666668334,-1.8582859495180002,0.7124370936425539,3.297610692047669,1.0,3.494481087997709,1.0,0.017049937397412323,0.05407226743656367,0.028613601450001,-0.03702233003915134,0.23865892029604455,0.756884243242314,0.40052295024115436,-0.5182253229462693,0.5072498458812322,1.6086950165464229,0.8512784878508024,-1.1014451706651907
0.0,1.0,-0.9829265519799822,-0.18399835165767986,0.0,1.0,0.36171373072976704,-0.9322892131745135,-0.0,-0.0,-0.9829265519799822,-0.18399835165767986,67.40155511389776,97,4.584967478670572,0.8929047081195746,1.0,2.8317630175073925,1.0,5.0843034271365575,1.0,1.4984934463654156,1.0,3.451734728698738,25.0,-1.9388583093878178,12.791666666666666,1027.2291666666667,1.6291666666668334,-1.8582859495180002,0.7124370936425539,3.297610692047669,1.0,3.494481087997709,1.0,0.01635412019596872,0.05186554884713764,0.02744586484076371,-0.03551142865116892,0.2353671256703782,0.7464446272369033,0.39499858394709586,-0.5110775015665251,0.5042394699011726,1.5991478932178003,0.8462264048724124,-1.0949084233166275
0.25881904510252074,0.9659258262890683,-0.9830582735300388,-0.1832932918689043,0.49999999999999994,0.8660254037844387,0.36037597410856514,-0.9328071383117214,-0.25443420363517727,-0.04743979477520744,-0.9495613751498077,-0.17704772440171476,66.60296718992497,98,4.59511985013459,0.8929047081195746,1.0,2.8317630175073925,1.0,5.0843034271365575,1.0,1.4984934463654156,1.0,3.451734728698738,25.0,-1.9388583093878178,12.791666666666666,1027.2291666666667,1.6291666666668334,-1.8582859495180002,0.7124370936425539,3.297610692047669,1.0,3.494481087997709,1.0,0.015686699672268826,0.04974888764135343,0.02632578419650292,-0.034062187969084605,0.23212073438368663,0.7361490036362937,0.3895504145923951,-0.5040282692526069,0.5012469596013391,1.589657429208013,0.8412043044940583,-1.0884104696066736
0.49999999999999994,0.8660254037844387,-0.9831894893360615,-0.1825881377830843,0.8660254037844386,0.5000000000000001,0.35903747589154617,-0.9333231438818108,-0.4915947446680307,-0.09129406889154214,-0.8514670744988788,-0.1581259657498443,65.82901164623632,99,4.605170185988092,0.8929047081195746,1.0,2.8317630175073925,1.0,5.0843034271365575,1.0,1.4984934463654156,1.0,3.451734728698738,25.0,-1.9388583093878178,12.791666666666666,1027.2291666666667,1.6291666666668334,-1.8582859495180002,0.7124370936425539,3.297610692047669,1.0,3.494481087997709,1.0,0.015046516942477639,0.047718608528493335,0.02525141465141598,-0.032672091586015695,0.22891912019301602,0.7259953863700559,0.3841773912015632,-0.4970762661770398,0.49827220895426816,1.5802232882609661,0.836212008777985,-1.081951079306698
0.7071067811865476,0.7071067811865476,-0.9833201993305448,-0.18188288976299422,1.0,6.123233995736766e-17,0.35769823883312596,-0.933837228822925,-0.6953123810243359,-0.1286106247332185,-0.6953123810243359,-0.1286106247332185,65.079854011682,100,4.61512051684126,0.8929047081195746,1.0,2.8317630175073925,1.0,5.0843034271365575,1.0,1.4984934463654156,1.0,3.451734728698738,25.0,-1.9388583093878178,12.791666666666666,1027.2291666666667,1.6291666666668334,-1.8582859495180002,0.7124370936425539,3.297610692047669,1.0,3.494481087997709,1.0,0.014432460417438573,0.045771186208449006,0.024220890710729425,-0.03133872579101043,0.22576166549310836,0.7159818167613983,0.3788784772950932,-0.49022015126828994,0.4953151125617372,1.5708451361161437,0.8312493408424442,-1.0755300235544065
0.8660254037844386,0.5000000000000001,-0.9834504034462439,-0.18117754817145584,0.8660254037844387,-0.4999999999999998,0.35635826568923906,-0.9343493920771596,-0.8516930327465024,-0.15690435931185961,-0.49172520172312206,-0.09058877408572794,64.44854605842667,101,4.624972813284271,0.8929047081195746,1.0,2.8317630175073925,1.0,5.0843034271365575,1.0,1.4984934463654156,1.0,3.451734728698738,25.0,-1.9388583093878178,12.791666666666666,1027.2291666666667,1.6291666666668334,-1.8582859495180002,0.7124370936425539,3.297610692047669,1.0,3.494481087997709,1.0,0.013843463872552027,0.04390323925052346,0.02323242301152432,-0.030059775377971432,0.2226477611972629,0.7061063631493296,0.37365265068951925,-0.48345860195206675,0.492375565651031,1.5615226404967666,0.8263161248554286,-1.0691470748457357
0.9659258262890683,0.25881904510252074,-0.9835801016161735,-0.18047211337134,0.49999999999999994,-0.8660254037844387,0.3550175592173364,-0.9348596325905644,-0.9500654223750882,-0.174322675230346,-0.25456926268213836,-0.046709620050404084,64.10318969226289,102,4.634728988229636,0.8929047081195746,1.0,2.8317630175073925,1.0,5.0843034271365575,1.0,1.4984934463654156,1.0,3.451734728698738,25.0,-1.9388583093878178,12.791666666666666,1027.2291666666667,1.6291666666668334,-1.8582859495180002,0.7124370936425539,3.297610692047669,1.0,3.494481087997709,1.0,0.013278504596423156,0.04211152422204223,0.022284295215753876,-0.028833019625619075,0.21957680661984064,0.6963671205160331,0.36849890330023244,-0.4767903138961924,0.48945346407122836,1.5522554710980172,0.8214121860284402,-1.0628020070267887
1.0,6.123233995736766e-17,-0.9837092937736098,-0.179766585725562,1.2246467991473532e-16,-1.0,0.3536761221763714,-0.9353679493131484,-0.9837092937736098,-0.179766585725562,-6.023482189556773e-17,-1.100752869012289e-17,64.2417223447385,103,4.6443908991413725,0.8929047081195746,1.0,2.8317630175073925,1.0,5.0843034271365575,1.0,1.4984934463654156,1.0,3.451734728698738,25.0,-1.9388583093878178,12.791666666666666,1027.2291666666667,1.6291666666668334,-1.8582859495180002,0.7124370936425539,3.297610692047669,1.0,3.494481087997709,1.0,0.012736601615064319,0.040392930056579,0.021374861030058718,-0.02765632844151468,0.21654820936038946,0.6867622101193801,0.3634162409470174,-0.4702140007589906,0.4865487042895132,1.5430432995753396,0.8165373506102994,-1.0564945952858265
0.9659258262890683,-0.25881904510252063,-0.9838379798520881,-0.17906096559709012,-0.4999999999999997,-0.8660254037844388,0.3523339573268107,-0.9358743411988755,-0.950314513623196,-0.1729596111504877,0.2546360064809104,0.04634438813097416,65.03145157657528,104,4.653960350157523,0.8929047081195746,1.0,2.8317630175073925,1.0,5.0843034271365575,1.0,1.4984934463654156,1.0,3.451734728698738,25.0,-1.9388583093878178,12.791666666666666,1027.2291666666667,1.6291666666668334,-1.8582859495180002,0.7124370936425539,3.297610692047669,1.0,3.494481087997709,1.0,0.012216813988568912,0.038744472652017393,0.02050254134720529,-0.026527658663448476,0.21356138518936763,0.6772897791305134,0.3584036831622704,-0.46372839394114573,0.4836611833875053,1.5338857995328037,0.811691445880987,-1.0502246161452984
0.8660254037844387,-0.4999999999999998,-0.9839661597854046,-0.17835525334893754,-0.8660254037844385,-0.5000000000000004,0.350991067430614,-0.9363788072056726,-0.8521396908383786,-0.1544601802985895,0.49198307989270207,0.08917762667446873,66.55004764883648,105,4.663439094112067,0.8929047081195746,1.0,2.8317630175073925,1.0,5.0843034271365575,1.0,1.4984934463654156,1.0,3.451734728698738,25.0,-1.9388583093878178,12.791666666666666,1027.2291666666667,1.6291666666668334,-1.8582859495180002,0.7124370936425539,3.297610692047669,1.0,3.494481087997709,1.0,0.011718239177298747,0.037163289689068436,0.019665821504183514,-0.025445050511769686,0.21061575793544313,0.6679480002764275,0.35346026300186273,-0.4573322423409843,0.4807907990576145,1.5247826465115422,0.8068743001455259,-1.0439918474539274
0.7071067811865476,-0.7071067811865475,-0.9840938335076163,-0.17764944934416232,-1.0,-1.8369701987210297e-16,0.3496474552512276,-0.9368813462954318,-0.6958594229971008,-0.12561713030531327,0.6958594229971007,0.12561713030531324,68.74477214891058,106,4.672828834461906,0.8929047081195746,1.0,2.8317630175073925,1.0,5.0843034271365575,1.0,1.4984934463654156,1.0,3.451734728698738,25.0,-1.9388583093878178,12.791666666666666,1027.2291666666667,1.6291666666668334,-1.8582859495180002,0.7124370936425539,3.297610692047669,1.0,3.494481087997709,1.0,0.011240011474748216,0.03564663566124717,0.018863248652202992,-0.024406624186498957,0.207710759374348,0.6587350714874802,0.3485850268586134,-0.45102431211313215,0.47793744959941553,1.5157335179782534,0.8020857427278973,-1.0377960683788379
0.49999999999999994,-0.8660254037844387,-0.9842210009530394,-0.17694355394587583,-0.8660254037844386,0.5000000000000001,0.34830312355359605,-0.9373819574340059,-0.49211050047651966,-0.0884717769729379,0.8523603897634804,0.15323761275303072,71.42222844516343,107,4.68213122712422,0.8929047081195746,1.0,2.8317630175073925,1.0,5.0843034271365575,1.0,1.4984934463654156,1.0,3.451734728698738,25.0,-1.9388583093878178,12.791666666666666,1027.2291666666667,1.6291666666668334,-1.8582859495180002,0.7124370936425539,3.297610692047669,1.0,3.494481087997709,1.0,0.010781300504364223,0.03419187710767891,0.018093429234021265,-0.02341057660331469,0.20484582911926505,0.6496492155497652,0.34377703427833367,-0.44480338643050016,0.47510103391604447,1.5067380933137744,0.7973256039649931,-1.03163705939773
0.258819045102521,-0.9659258262890682,-0.984347662056252,-0.1762375675172311,-0.5000000000000004,0.8660254037844384,0.3469580751041346,-0.9378806395912188,-0.2547679219422982,-0.04561363893600083,0.9508068288273976,0.1702324180272569,74.27304264839637,108,4.6913478822291435,0.8929047081195746,1.0,2.8317630175073925,1.0,5.0843034271365575,1.0,1.4984934463654156,1.0,3.451734728698738,25.0,-1.9388583093878178,12.791666666666666,1027.2291666666667,1.6291666666668334,-1.8582859495180002,0.7124370936425539,3.297610692047669,1.0,3.494481087997709,1.0,0.010341309777711602,0.03279648804045692,0.017355026564223476,-0.022455178262745318,0.20202041451272737,0.6406886797622809,0.33903535777840993,-0.4386682652495536,0.4722814515106172,1.4977960538017214,0.7925937152006053,-1.0255146022911041
1.2246467991473532e-16,-1.0,-0.9844738167520922,-0.17553149042142813,-2.4492935982947064e-16,1.0,0.34561231267073333,-0.9383773917408642,-1.2056327085298276e-16,-2.1496407789416624e-17,0.9844738167520922,0.17553149042142813,76.9267120207873,109,4.700480365792417,0.8929047081195746,1.0,2.8317630175073925,1.0,5.0843034271365575,1.0,1.4984934463654156,1.0,3.451734728698738,25.0,-1.9388583093878178,12.791666666666666,1027.2291666666667,1.6291666666668334,-1.8582859495180002,0.7124370936425539,3.297610692047669,1.0,3.494481087997709,1.0,0.00991927531148061,0.03145804555861221,0.016646758508252184,-0.0215387702471316,0.19923397052000766,0.6318517355988253,0.3343590826688877,-0.43261776507881766,0.46947860248266865,1.4889070826171966,0.7878899087794501,-1.019428480134528
-0.2588190451025208,-0.9659258262890683,-0.984599464975658,-0.17482532302171783,0.5,0.8660254037844386,0.3442658390227599,-0.938872212860704,0.25483309333345266,0.045248123164220756,0.951050051770387,0.16886829459600608,79.02383616048243,110,4.709530201312334,0.8929047081195746,1.0,2.8317630175073925,1.0,5.0843034271365575,1.0,1.4984934463654156,1.0,3.451734728698738,25.0,-1.9388583093878178,12.791666666666666,1027.2291666666667,1.6291666666668334,-1.8582859495180002,0.7124370936425539,3.297610692047669,1.0,3.494481087997709,1.0,0.009514464300935162,0.030174225641079775,0.015967395256157337,-0.02065976134014461,0.19648595962397916,0.6231366783745569,0.3297473068760245,-0.4266507187505777,0.46669238752461273,1.4800708648155632,0.783214018041227,-1.0133784772909502
-0.4999999999999997,-0.8660254037844388,-0.9847246066623084,-0.174119065681395,0.8660254037844384,0.5000000000000004,0.34291865693104073,-0.9393651019324761,0.49236230333115394,0.08705953284069747,0.8527965251011983,0.15079153416329935,80.2882199929974,111,4.718498871295094,0.8929047081195746,1.0,2.8317630175073925,1.0,5.0843034271365575,1.0,1.4984934463654156,1.0,3.451734728698738,25.0,-1.9388583093878178,12.791666666666666,1027.2291666666667,1.6291666666668334,-1.8582859495180002,0.7124370936425539,3.297610692047669,1.0,3.494481087997709,1.0,0.00912617384749828,0.02894279911135596,0.015315757187200593,-0.01981662526385768,0.19377585172142603,0.6145418269171529,0.3251991407682755,-0.4207659751957268,0.46392270791822454,1.4712870873212864,0.7785658773147154,-1.0073643794030618
-0.7071067811865471,-0.7071067811865479,-0.9848492417476635,-0.17341271876379813,1.0,1.1943401194869635e-15,0.34157076916785484,-0.9398560579418958,0.696393577286202,0.12262130938187724,0.6963935772862028,0.12262130938187737,80.5811777163251,112,4.727387818712341,0.8929047081195746,1.0,2.8317630175073925,1.0,5.0843034271365575,1.0,1.4984934463654156,1.0,3.451734728698738,25.0,-1.9388583093878178,12.791666666666666,1027.2291666666667,1.6291666666668334,-1.8582859495180002,0.7124370936425539,3.297610692047669,1.0,3.494481087997709,1.0,0.008753729738265487,0.027761627766840363,0.014690712821606312,-0.019007898028574874,0.19110312402078417,0.606065523242504,0.3207137069846798,-0.4149623992217198,0.4611694655311421,1.4625554389168411,0.7739453219119028,-1.001385973385699
-0.8660254037844385,-0.5000000000000004,-0.9849733701676032,-0.17270628263231694,0.8660254037844392,-0.4999999999999992,0.34022217850694364,-0.9403450798786526,0.8530119606163178,0.14956802815276163,0.49248668508380206,0.08635314131615855,79.92482946898176,113,4.736198448394496,0.8929047081195746,1.0,2.8317630175073925,1.0,5.0843034271365575,1.0,1.4984934463654156,1.0,3.451734728698738,25.0,-1.9388583093878178,12.791666666666666,1027.2291666666667,1.6291666666668334,-1.8582859495180002,0.7124370936425539,3.297610692047669,1.0,3.494481087997709,1.0,0.008396485275326989,0.026628660666141578,0.014091176855902813,-0.01823217539081459,0.18846726094129262,0.5977061322348829,0.3162901402656143,-0.4092388712935902,0.45843256281338945,1.4538756102316848,0.7693521881221517,-0.9954430474182954
-0.9659258262890683,-0.25881904510252063,-0.9850969918582683,-0.17199975765038447,0.4999999999999998,-0.8660254037844388,0.33887288772348984,-0.940832166736418,0.9515306258355734,0.16613900802996712,0.25496186276612254,0.044516813032937474,78.48909277499962,114,4.74493212836325,0.8929047081195746,1.0,2.8317630175073925,1.0,5.0843034271365575,1.0,1.4984934463654156,1.0,3.451734728698738,25.0,-1.9388583093878178,12.791666666666666,1027.2291666666667,1.6291666666668334,-1.8582859495180002,0.7124370936425539,3.297610692047669,1.0,3.494481087997709,1.0,0.00805382015286577,0.025541930567899815,0.013516108278442277,-0.017488110415034043,0.1858677540135355,0.5894620413315218,0.3119275872858804,-0.40359428731798624,0.45571190279392093,1.4452472937312972,0.7647863132063975,-0.9895353909373763
-1.0,-1.8369701987210297e-16,-0.9852201067560606,-0.17129314418147773,3.6739403974420594e-16,-1.0,0.3375228995941136,-0.941317317512847,0.9852201067560606,0.17129314418147773,1.809819975291635e-16,3.146604011065991e-17,76.54633635726287,115,4.7535901911063645,0.8929047081195746,1.0,2.8317630175073925,1.0,5.0843034271365575,1.0,1.4984934463654156,1.0,3.451734728698738,25.0,-1.9388583093878178,12.791666666666666,1027.2291666666667,1.6291666666668334,-1.8582859495180002,0.7124370936425539,3.297610692047669,1.0,3.494481087997709,1.0,0.0077251393800819535,0.024499550514943118,0.012964508561827372,-0.016774411134861167,0.1833041017813563,0.5813316602115433,0.3076252064900943,-0.3980275584301869,0.4530073890771847,1.4366701837062827,0.7602475353913835,-0.9836627946290979
-0.9659258262890684,0.2588190451025203,-0.9853427147976425,-0.1705864425891219,-0.49999999999999917,-0.8660254037844392,0.3361722168968751,-0.9418005312095764,0.9517679759688267,0.1647738505116103,-0.2550254605426508,-0.04415102017835243,74.4058335336647,116,4.762173934797756,0.8929047081195746,1.0,2.8317630175073925,1.0,5.0843034271365575,1.0,1.4984934463654156,1.0,3.451734728698738,25.0,-1.9388583093878178,12.791666666666666,1027.2291666666667,1.6291666666668334,-1.8582859495180002,0.7124370936425539,3.297610692047669,1.0,3.494481087997709,1.0,0.007409872248073231,0.02349971055784619,0.012435419929105967,-0.01608983830977296,0.18077580970512475,0.57331342048918,0.3033821679303478,-0.39253761078405525,0.4503189258397078,1.4281439762615395,0.755735693863929,-0.9778250504218317
-0.8660254037844386,0.5000000000000001,-0.9854648159199367,-0.16987965323688742,-0.8660254037844387,-0.49999999999999983,0.3348208424112639,-0.9422818068322297,0.8534375651224206,0.14712009528923584,-0.4927324079599685,-0.08493982661844372,72.34507083417081,117,4.770684624465665,0.8929047081195746,1.0,2.8317630175073925,1.0,5.0843034271365575,1.0,1.4984934463654156,1.0,3.451734728698738,25.0,-1.9388583093878178,12.791666666666666,1027.2291666666667,1.6291666666668334,-1.8582859495180002,0.7124370936425539,3.297610692047669,1.0,3.494481087997709,1.0,0.007107471338877435,0.022540674612202383,0.011927923690723317,-0.015433203273324946,0.17828239006633795,0.5654057754112267,0.29919765310610685,-0.3871233853448887,0.4476464178267009,1.4196683693054928,0.7512506287652314,-0.9720219514787919
-0.7071067811865477,0.7071067811865474,-0.9855864100601277,-0.16917277648838733,-1.0,-4.286263797015736e-16,0.3334687789181881,-0.9427611433904203,0.6969148339988218,0.11962321744709484,-0.6969148339988215,-0.11962321744709478,70.55535050317945,118,4.77912349311153,0.8929047081195746,1.0,2.8317630175073925,1.0,5.0843034271365575,1.0,1.4984934463654156,1.0,3.451734728698738,25.0,-1.9388583093878178,12.791666666666666,1027.2291666666667,1.6291666666668334,-1.8582859495180002,0.7124370936425539,3.297610692047669,1.0,3.494481087997709,1.0,0.0068174115749566055,0.021620777444152132,0.011441138649344125,-0.014803365869195527,0.17582336187353736,0.5576071995586641,0.2950708548063201,-0.38178383768512675,0.4449897703486831,1.41124306253939,0.7467921811852016,-0.9662532921907067
-0.5000000000000004,0.8660254037844384,-0.9857074971556599,-0.16846581270728134,-0.8660254037844392,0.4999999999999991,0.3321160291999769,-0.9432385398977504,0.4928537485778304,0.08423290635364074,-0.8536477332375785,-0.1458956734736969,69.11490187350698,119,4.787491742782046,0.8929047081195746,1.0,2.8317630175073925,1.0,5.0843034271365575,1.0,1.4984934463654156,1.0,3.451734728698738,25.0,-1.9388583093878178,12.791666666666666,1027.2291666666667,1.6291666666668334,-1.8582859495180002,0.7124370936425539,3.297610692047669,1.0,3.494481087997709,1.0,0.006539189307472179,0.02073842177893378,0.010974219569774766,-0.014199232471461598,0.17339825076952348,0.5499161885523997,0.2910009769537037,-0.3765179377828762,0.4423488892781276,1.4028677574466621,0.7423601931568353,-0.9605188681685345
-0.25881904510252157,0.9659258262890681,-0.9858280771442385,-0.16775876225727657,-0.5000000000000014,0.8660254037844378,0.33076259604037683,-0.9437139953718131,0.2551510815617268,0.04341916265500926,-0.9522367999945117,-0.1620425210505912,67.99504477137565,120,4.795790545596741,0.8929047081195746,1.0,2.8317630175073925,1.0,5.0843034271365575,1.0,1.4984934463654156,1.0,3.451734728698738,25.0,-1.9388583093878178,12.791666666666666,1027.2291666666667,1.6291666666668334,-1.8582859495180002,0.7124370936425539,3.297610692047669,1.0,3.494481087997709,1.0,0.006272321441768125,0.01989207552743583,0.010526355711328744,-0.013619754085667705,0.17100658893985032,0.542331258763066,0.28698723445117497,-0.3713246698232156,0.4397236810461259,1.3945421572823469,0.7379545076506142,-0.9548184762362208
0.0,1.0,-0.9859481499638303,-0.1670516255021195,0.0,1.0,0.3294084822245307,-0.9441875088341992,-0.0,-0.0,-0.9859481499638303,-0.1670516255021195,67.09590429203948,121,4.804021044733257,0.8929047081195746,1.0,2.8317630175073925,1.0,5.0843034271365575,1.0,1.4984934463654156,1.0,3.451734728698738,25.0,-1.9388583093878178,12.791666666666666,1027.2291666666667,1.6291666666668334,-1.8582859495180002,0.7124370936425539,3.297610692047669,1.0,3.494481087997709,1.0,0.006016344598543572,0.01908026912593514,0.01009676942008709,-0.013063924527391569,0.16864791502258183,0.5348509470248219,0.2830288530304035,-0.36620303200224,0.4371140526390734,1.386265967062574,0.7335749685689437,-0.9491519144235008
0.25881904510252074,0.9659258262890683,-0.9860677155526626,-0.16634440280560445,0.49999999999999994,0.8660254037844387,0.3280536905389886,-0.9446590793104936,-0.2552131045457642,-0.04305309949229561,-0.9524682729221796,-0.1606763547285651,66.30019652915522,122,4.812184355372417,0.8929047081195746,1.0,2.8317630175073925,1.0,5.0843034271365575,1.0,1.4984934463654156,1.0,3.451734728698738,25.0,-1.9388583093878178,12.791666666666666,1027.2291666666667,1.6291666666668334,-1.8582859495180002,0.7124370936425539,3.297610692047669,1.0,3.494481087997709,1.0,0.005770814309258503,0.018301592984401975,0.009684714778609483,-0.01253077867514347,0.16632177401929343,0.5274738103531027,0.27912506910245183,-0.36115203633380927,0.43451991159537295,1.3780388935541152,0.7292214207406215,-0.9435189819587422
0.49999999999999994,0.8660254037844387,-0.9861867738492238,-0.16563709453156916,0.8660254037844386,0.5000000000000001,0.32669822377169416,-0.9451287058302801,-0.49309338692461185,-0.08281854726578457,-0.854062799029647,-0.14344593167338343,65.52883149463771,123,4.820281565605037,0.8929047081195746,1.0,2.8317630175073925,1.0,5.0843034271365575,1.0,1.4984934463654156,1.0,3.451734728698738,25.0,-1.9388583093878178,12.791666666666666,1027.2291666666667,1.6291666666668334,-1.8582859495180002,0.7124370936425539,3.297610692047669,1.0,3.494481087997709,1.0,0.005535304244375314,0.017554695038940953,0.009289476310751282,-0.012019390794565639,0.16402771720730058,0.5201984256662607,0.27527512961047546,-0.3561707084589601,0.43194116600215965,1.3698606452639923,0.7248937099153401,-0.9379194792618326
0.7071067811865476,0.7071067811865476,-0.9863053247922628,-0.1649297010438962,1.0,6.123233995736766e-17,0.32534208471198167,-0.945596387427142,-0.6974231834810093,-0.11662291002720902,-0.6974231834810093,-0.11662291002720902,64.78178684348713,124,4.8283137373023015,0.8929047081195746,1.0,2.8317630175073925,1.0,5.0843034271365575,1.0,1.4984934463654156,1.0,3.451734728698738,25.0,-1.9388583093878178,12.791666666666666,1027.2291666666667,1.6291666666668334,-1.8582859495180002,0.7124370936425539,3.297610692047669,1.0,3.494481087997709,1.0,0.005309405473096263,0.016838278404118247,0.00891036773933772,-0.011528872931021984,0.16176530205309836,0.5130233895110474,0.2714782918844548,-0.351258087457949,0.42937772449204364,1.361730932429151,0.7205916827582209,-0.9323532079371074
0.8660254037844386,0.5000000000000001,-0.9864233683207905,-0.16422222270650852,0.8660254037844387,-0.4999999999999998,0.3239852761505623,-0.9460621231386679,-0.8542676958524186,-0.14222061672978203,-0.49321168416039535,-0.08211111135325427,64.15195927084541,125,4.836281906951478,0.8929047081195746,1.0,2.8317630175073925,1.0,5.0843034271365575,1.0,1.4984934463654156,1.0,3.451734728698738,25.0,-1.9388583093878178,12.791666666666666,1027.2291666666667,1.6291666666668334,-1.8582859495180002,0.7124370936425539,3.297610692047669,1.0,3.494481087997709,1.0,0.005092725753311491,0.016151099121098706,0.008546730794538123,-0.011058373367787214,0.1595340921269948,0.505947317791881,0.26773382349793146,-0.3464132256648862,0.42682949623987343,1.353649467006195,0.7163151868443828,-0.9268199707663215
0.9659258262890683,0.25881904510252074,-0.9865409043740776,-0.16351465988337882,0.49999999999999994,-0.8660254037844387,0.3226278008795365,-0.9465259120064459,-0.9529253382254956,-0.15794303295822865,-0.255335574824676,-0.04232070813127956,63.80733901162857,126,4.844187086458591,0.8929047081195746,1.0,2.8317630175073925,1.0,5.0843034271365575,1.0,1.4984934463654156,1.0,3.451734728698738,25.0,-1.9388583093878178,12.791666666666666,1027.2291666666667,1.6291666666668334,-1.8582859495180002,0.7124370936425539,3.297610692047669,1.0,3.494481087997709,1.0,0.004884888850524579,0.015491963997682554,0.008197934070870981,-0.010607075147157976,0.15733365701892188,0.49896884550384896,0.26404100212671955,-0.3416351884849271,0.42429639095951743,1.345615962661178,0.7120640706535398,-0.9213195717016605
1.0,6.123233995736766e-17,-0.9866579328916569,-0.1628070129385172,1.2246467991473532e-16,-1.0,0.32126966169236526,-0.946987753076075,-0.9866579328916569,-0.1628070129385172,-6.041537396845559e-17,-9.969054363694841e-18,63.945802864575796,127,4.852030263919617,0.8929047081195746,1.0,2.8317630175073925,1.0,5.0843034271365575,1.0,1.4984934463654156,1.0,3.451734728698738,25.0,-1.9388583093878178,12.791666666666666,1027.2291666666667,1.6291666666668334,-1.8582859495180002,0.7124370936425539,3.297610692047669,1.0,3.494481087997709,1.0,0.004685533884573151,0.014859728536491439,0.007863371930855241,-0.010174194651918288,0.15516357225540717,0.4920866264693915,0.2603991154095664,-0.33692305421398433,0.42177831890066536,1.3376301347594606,0.7078381835646339,-0.9158518158587952
0.9659258262890683,-0.25881904510252063,-0.9867744538133222,-0.16209928223597958,-0.4999999999999997,-0.8660254037844388,0.3199108613838806,-0.9474476453971604,-0.9531509296605774,-0.15657588313465348,0.2553960218675254,0.04195438144012022,64.73465292859457,128,4.859812404361672,0.8929047081195746,1.0,2.8317630175073925,1.0,5.0843034271365575,1.0,1.4984934463654156,1.0,3.451734728698738,25.0,-1.9388583093878178,12.791666666666666,1027.2291666666667,1.6291666666668334,-1.8582859495180002,0.7124370936425539,3.297610692047669,1.0,3.494481087997709,1.0,0.004494314703010191,0.014253294947706389,0.007542463453404273,-0.009758980244696196,0.15302341921769141,0.4852993330786191,0.25680746081073474,-0.33227591386092764,0.41927519084564807,1.329691700355625,0.7036373758504982,-0.910416509509977
0.8660254037844387,-0.4999999999999998,-0.9868904670791273,-0.16139146813986763,-0.8660254037844385,-0.5000000000000004,0.3185514027502801,-0.9479055880233161,-0.8546722152432146,-0.13976911136319223,0.49344523353956343,0.08069573406993377,66.25160952613814,129,4.867534450455582,0.8929047081195746,1.0,2.8317630175073925,1.0,5.0843034271365575,1.0,1.4984934463654156,1.0,3.451734728698738,25.0,-1.9388583093878178,12.791666666666666,1027.2291666666667,1.6291666666668334,-1.8582859495180002,0.7124370936425539,3.297610692047669,1.0,3.494481087997709,1.0,0.004310899280057965,0.01367161024290692,0.0072346514251363635,-0.009360710962848955,0.15091278506097505,0.47860565603321037,0.253265345484481,-0.3276928709722353,0.41678691810627655,1.3218003781834493,0.6994614986725513,-0.9050134600771728
0.7071067811865476,-0.7071067811865475,-0.9870059726293888,-0.16068357101432068,-1.0,-1.8369701987210297e-16,0.3171912885891061,-0.9483615800121715,-0.6979186163178648,-0.11362044268949634,0.6979186163178647,0.11362044268949631,68.44403637804324,130,4.875197323201151,0.8929047081195746,1.0,2.8317630175073925,1.0,5.0843034271365575,1.0,1.4984934463654156,1.0,3.451734728698738,25.0,-1.9388583093878178,12.791666666666666,1027.2291666666667,1.6291666666668334,-1.8582859495180002,0.7124370936425539,3.297610692047669,1.0,3.494481087997709,1.0,0.004134969140090972,0.013113664406701616,0.006939401372850399,-0.008978695266610643,0.14883126263477853,0.4720043040938428,0.24977208614140176,-0.3231730414590643,0.4143134125206996,1.3139558886459424,0.695310404075524,-0.8996424761252426
0.49999999999999994,-0.8660254037844387,-0.9871209704046834,-0.15997559122352428,-0.8660254037844386,0.5000000000000001,0.3158305216992565,-0.9488156204253677,-0.49356048520234164,-0.07998779561176213,0.8548718369788029,0.13854292598500692,71.11868404157295,131,4.882801922586371,0.8929047081195746,1.0,2.8317630175073925,1.0,5.0843034271365575,1.0,1.4984934463654156,1.0,3.451734728698738,25.0,-1.9388583093878178,12.791666666666666,1027.2291666666667,1.6291666666668334,-1.8582859495180002,0.7124370936425539,3.297610692047669,1.0,3.494481087997709,1.0,0.003966218804646899,0.01257848864297555,0.006656200635486781,-0.00861226983832865,0.1467784504044015,0.4654940038311074,0.2463270089166249,-0.3187155534267059,0.4118545864502804,1.3061579538054378,0.6911839449822182,-0.8943033673551574
0.258819045102521,-0.9659258262890682,-0.9872354603458494,-0.1592675291317056,-0.5000000000000004,0.8660254037844384,0.3144691048809708,-0.9492677083285626,-0.2555153391380605,-0.04122146980570599,0.9535962277764333,0.153840619677561,73.96636077183022,132,4.890349128221754,0.8929047081195746,1.0,2.8317630175073925,1.0,5.0843034271365575,1.0,1.4984934463654156,1.0,3.451734728698738,25.0,-1.9388583093878178,12.791666666666666,1027.2291666666667,1.6291666666668334,-1.8582859495180002,0.7124370936425539,3.297610692047669,1.0,3.494481087997709,1.0,0.003804355262005317,0.012065153692709185,0.006384557473962071,-0.008260798430703868,0.1447539523734647,0.459073499379858,0.2429294492398176,-0.31431954700639325,0.4094103527764911,1.2984062973737462,0.6870819751882944,-0.8889959445972552
1.2246467991473532e-16,-1.0,-0.9873494423939864,-0.1585593851031351,-2.4492935982947064e-16,1.0,0.3131070409358276,-0.9497178427914313,-1.2091543342677194e-16,-1.9417924344132693e-17,0.9873494423939864,0.1585593851031351,76.616768440268,133,4.897839799950911,0.8929047081195746,1.0,2.8317630175073925,1.0,5.0843034271365575,1.0,1.4984934463654156,1.0,3.451734728698738,25.0,-1.9388583093878178,12.791666666666666,1027.2291666666667,1.6291666666668334,-1.8582859495180002,0.7124370936425539,3.297610692047669,1.0,3.494481087997709,1.0,0.003649097458413171,0.011572768220448032,0.006124000217331766,-0.00792367076203486,0.14275737800752078,0.4527415521969497,0.23957875170698806,-0.3099841741894289,0.4069806248978262,1.2907006447023657,0.6830043493570919,-0.8837200198045394
-0.2588190451025208,-0.9659258262890683,-0.9874629164904553,-0.15785115950212178,0.5,0.8660254037844386,0.3117443326667304,-0.9501660228876714,0.25557420912020984,0.04085488637066486,0.9538159335408563,0.1524725116727745,78.7107196949805,134,4.90527477843843,0.8929047081195746,1.0,2.8317630175073925,1.0,5.0843034271365575,1.0,1.4984934463654156,1.0,3.451734728698738,25.0,-1.9388583093878178,12.791666666666666,1027.2291666666667,1.6291666666668334,-1.8582859495180002,0.7124370936425539,3.297610692047669,1.0,3.494481087997709,1.0,0.0035001758100736647,0.011100477266621432,0.005874076443798699,-0.007600301456547767,0.1407883421587184,0.44649694082231894,0.23627426995405526,-0.30570859866360056,0.4045653167267342,1.2830407227727505,0.6789509230144798,-0.8784754060460161
-0.4999999999999997,-0.8660254037844388,-0.9875758825768777,-0.15714285269302283,0.8660254037844384,0.5000000000000004,0.3103809828779206,-0.9506122476949979,0.49378794128843856,0.07857142634651137,0.855265802476414,0.13608970245531368,79.97222635518351,135,4.912654885736052,0.8929047081195746,1.0,2.8317630175073925,1.0,5.0843034271365575,1.0,1.4984934463654156,1.0,3.451734728698738,25.0,-1.9388583093878178,12.791666666666666,1027.2291666666667,1.6291666666668334,-1.8582859495180002,0.7124370936425539,3.297610692047669,1.0,3.494481087997709,1.0,0.0033573317350510984,0.010647460763022948,0.005634352195144855,-0.007290129027971849,0.13884646499150566,0.44033846064335824,0.2330153665321626,-0.3014919956518526,0.4021643426865674,1.2754262601866386,0.674921552543738,-0.8732619175000712
-0.7071067811865471,-0.7071067811865479,-0.9876883405951377,-0.15643446504023104,1.0,1.1943401194869635e-15,0.3090169943749478,-0.9510565162951534,0.6984011233337099,0.1106158710412372,0.6984011233337106,0.11061587104123732,80.26278918687674,136,4.919980925828125,0.8929047081195746,1.0,2.8317630175073925,1.0,5.0843034271365575,1.0,1.4984934463654156,1.0,3.451734728698738,25.0,-1.9388583093878178,12.791666666666666,1027.2291666666667,1.6291666666668334,-1.8582859495180002,0.7124370936425539,3.297610692047669,1.0,3.494481087997709,1.0,0.0032203172042789435,0.010212932108874829,0.0054044112232226734,-0.0069926149045958855,0.1369313719093579,0.43426492366254077,0.22980141278471092,-0.2973335517531829,0.3997776177085502,1.2678569871564362,0.6709160951804686,-0.868079369447886
-0.8660254037844385,-0.5000000000000004,-0.9878002904873799,-0.1557259969081843,0.8660254037844392,-0.4999999999999992,0.3076523699646826,-0.9514988277739044,0.8554601454277189,0.13486266935214453,0.4939001452436904,0.07786299845409222,79.60468179934315,137,4.927253685157205,0.8929047081195746,1.0,2.8317630175073925,1.0,5.0843034271365575,1.0,1.4984934463654156,1.0,3.451734728698738,25.0,-1.9388583093878178,12.791666666666666,1027.2291666666667,1.6291666666668334,-1.8582859495180002,0.7124370936425539,3.297610692047669,1.0,3.494481087997709,1.0,0.0030888943108915365,0.00979613680500413,0.005183854267197488,-0.006707242494112593,0.13504269348251674,0.4282751582682512,0.22663178872608827,-0.29323246478573445,0.3974050572287643,1.2603326354956568,0.6669344090075374,-0.8629275782668924
-0.9659258262890683,-0.25881904510252063,-0.9879117321960105,-0.15501744866136194,0.4999999999999998,-0.8660254037844388,0.30628711245530443,-0.951939181221044,0.9542494562220962,0.14973535718744926,0.2556903711725485,0.04012146803676271,78.16793159078098,138,4.9344739331306915,0.8929047081195746,1.0,2.8317630175073925,1.0,5.0843034271365575,1.0,1.4984934463654156,1.0,3.451734728698738,25.0,-1.9388583093878178,12.791666666666666,1027.2291666666667,1.6291666666668334,-1.8582859495180002,0.7124370936425539,3.297610692047669,1.0,3.494481087997709,1.0,0.00296283485713156,0.009396351143758764,0.00497229836028605,-0.006433516286627204,0.13318006537672528,0.42236800900877647,0.2235058829220719,-0.28918794363205114,0.3950465771851531,1.252852938609421,0.6629763529500464,-0.8578063614242677
-1.0,-1.8369701987210297e-16,-0.9880226656636976,-0.15430882066428095,3.6739403974420594e-16,-1.0,0.3049212246562887,-0.9523775757303976,0.9880226656636976,0.15430882066428095,1.8149681924851239e-16,2.834607049600719e-17,76.2249660527664,139,4.941642422609304,0.8929047081195746,1.0,2.8317630175073925,1.0,5.0843034271365575,1.0,1.4984934463654156,1.0,3.451734728698738,25.0,-1.9388583093878178,12.791666666666666,1027.2291666666667,1.6291666666668334,-1.8582859495180002,0.7124370936425539,3.297610692047669,1.0,3.494481087997709,1.0,0.002841919958116051,0.009012880952388797,0.004769376164787433,-0.0061709609942727445,0.13134312828294648,0.41654233636941373,0.2204230923718798,-0.28519920808646726,0.39270209401454326,1.24541763148501,0.6590417867703344,-0.8527155374704667
-0.9659258262890684,0.2588190451025203,-0.98813309083337,-0.15360011328150464,-0.49999999999999917,-0.8660254037844392,0.3035547093784179,-0.9528140103998178,0.954463272246794,0.14836631633953187,-0.2557476630036948,-0.03975463464715798,74.08506216119875,140,4.948759890378168,0.8929047081195746,1.0,2.8317630175073925,1.0,5.0843034271365575,1.0,1.4984934463654156,1.0,3.451734728698738,25.0,-1.9388583093878178,12.791666666666666,1027.2291666666667,1.6291666666668334,-1.8582859495180002,0.7124370936425539,3.297610692047669,1.0,3.494481087997709,1.0,0.002725939661772959,0.0086450603877111,0.004574735334251721,-0.00591912072593814,0.12953152784805097,0.4107970165526541,0.2173828223918495,-0.2812654887046031,0.3903715246496837,1.2380264506824767,0.6551305710630091,-0.847654926032793
-0.8660254037844386,0.5000000000000001,-0.9882430076482183,-0.1528913268776345,-0.8660254037844387,-0.49999999999999983,0.30218756943376074,-0.9532484843311927,0.8558435497356962,0.13240777309434199,-0.49412150382410924,-0.07644566343881726,72.02565476478514,141,4.955827057601261,0.8929047081195746,1.0,2.8317630175073925,1.0,5.0843034271365575,1.0,1.4984934463654156,1.0,3.451734728698738,25.0,-1.9388583093878178,12.791666666666666,1027.2291666666667,1.6291666666668334,-1.8582859495180002,0.7124370936425539,3.297610692047669,1.0,3.494481087997709,1.0,0.002614692584288274,0.00829225077996433,0.0043880379016789026,-0.005677558195676056,0.12774491460646062,0.4051309412613958,0.21438448650072073,-0.27738602665493517,0.38805478651630265,1.2306791343253107,0.6512425672500071,-0.842624347809008
-0.7071067811865477,0.7071067811865474,-0.988352416051695,-0.15218246181731096,-1.0,-4.286263797015736e-16,0.3008198076356682,-0.9536809966304454,0.6988706955922617,0.10760925072868345,-0.6988706955922613,-0.1076092507286834,70.23794264962306,142,4.962844630259907,0.8929047081195746,1.0,2.8317630175073925,1.0,5.0843034271365575,1.0,1.4984934463654156,1.0,3.451734728698738,25.0,-1.9388583093878178,12.791666666666666,1027.2291666666667,1.6291666666668334,-1.8582859495180002,0.7124370936425539,3.297610692047669,1.0,3.494481087997709,1.0,0.0025079855604307586,0.007953839523846812,0.004208959692685707,-0.005445853963416053,0.12598294391273535,0.3995430174851501,0.21142750630650084,-0.27356007357241474,0.385751797530182,1.2233754220911606,0.6473776375756847,-0.8376236245609784
-0.5000000000000004,0.8660254037844384,-0.9884613159875137,-0.1514735184652175,-0.8660254037844392,0.4999999999999991,0.2994514267987757,-0.9541115464075348,0.4942306579937573,0.07573675923260882,-0.856032610303384,-0.13117991499148957,68.80000702070129,143,4.969813299576001,0.8929047081195746,1.0,2.8317630175073925,1.0,5.0843034271365575,1.0,1.4984934463654156,1.0,3.451734728698738,25.0,-1.9388583093878178,12.791666666666666,1027.2291666666667,1.6291666666668334,-1.8582859495180002,0.7124370936425539,3.297610692047669,1.0,3.494481087997709,1.0,0.0024056333081471357,0.007629239014811827,0.004037189762621447,-0.00522360570666469,0.12424527587508921,0.39403216728919394,0.20851131139489032,-0.26978689141410467,0.3834624760942488,1.2161150552026097,0.6435356451019365,-0.8326525791083608
-0.25881904510252157,0.9659258262890681,-0.9885697073996498,-0.15076449718607793,-0.5000000000000014,0.8660254037844378,0.29808242973899274,-0.9545401327764582,0.2558606676864565,0.03902072319706249,-0.954885011464349,-0.1456273215195182,67.68298507143294,144,4.976733742420574,0.8929047081195746,1.0,2.8317630175073925,1.0,5.0843034271365575,1.0,1.4984934463654156,1.0,3.451734728698738,25.0,-1.9388583093878178,12.791666666666666,1027.2291666666667,1.6291666666668334,-1.8582859495180002,0.7124370936425539,3.297610692047669,1.0,3.494481087997709,1.0,0.002307458106845313,0.007317885628773217,0.0038724298566554386,-0.005010427521927904,0.12253157528982418,0.38859732760663235,0.20563533921924765,-0.2660657523168082,0.3811867410956844,1.2088977764180082,0.6397164537033437,-0.8277110353223238
0.0,1.0,-0.9886775902323404,-0.15005539834465262,0.0,1.0,0.29671281927349014,-0.9549667548552553,-0.0,-0.0,-0.9886775902323404,-0.15005539834465262,66.78679728337741,145,4.983606621708336,0.8929047081195746,1.0,2.8317630175073925,1.0,5.0843034271365575,1.0,1.4984934463654156,1.0,3.451734728698738,25.0,-1.9388583093878178,12.791666666666666,1027.2291666666667,1.6291666666668334,-1.8582859495180002,0.7124370936425539,3.297610692047669,1.0,3.494481087997709,1.0,0.002213289488807035,0.007019238743449744,0.003714393891898547,-0.004805949254642709,0.12084151157666762,0.383237450033328,0.20279903499207141,-0.26239593845666037,0.3789245119030503,1.2017233300223589,0.6359199280623514,-0.8227988181193086
0.25881904510252074,0.9659258262890683,-0.9887849644300839,-0.14934622230574707,0.49999999999999994,0.8660254037844387,0.295342598220711,-0.9553914117660047,-0.25591638030552427,-0.03865364664684224,-0.9550929337893358,-0.1442573731838296,65.99394718042369,146,4.990432586778736,0.8929047081195746,1.0,2.8317630175073925,1.0,5.0843034271365575,1.0,1.4984934463654156,1.0,3.451734728698738,25.0,-1.9388583093878178,12.791666666666666,1027.2291666666667,1.6291666666668334,-1.8582859495180002,0.7124370936425539,3.297610692047669,1.0,3.494481087997709,1.0,0.0021229639431941815,0.006732779799648988,0.0035628074606596652,-0.004609815856454806,0.11917475871500194,0.377951500625659,0.2000018515779793,-0.2587767419106571,0.3766757083634315,1.1945914618182556,0.6321459336644735,-0.8179157534548239
0.49999999999999994,0.8660254037844387,-0.9888918299376406,-0.1486369694342039,0.8660254037844386,0.5000000000000001,0.29397176940035014,-0.955814102634831,-0.49444591496882023,-0.07431848471710194,-0.8564054463208777,-0.1287233914715517,65.22513881287746,147,4.997212273764115,0.8929047081195746,1.0,2.8317630175073925,1.0,5.0843034271365575,1.0,1.4984934463654156,1.0,3.451734728698738,25.0,-1.9388583093878178,12.791666666666666,1027.2291666666667,1.6291666666668334,-1.8582859495180002,0.7124370936425539,3.297610692047669,1.0,3.494481087997709,1.0,0.002036324632134703,0.006458011400860688,0.003417407353974533,-0.004421686768725985,0.11753099518097397,0.37273845970106767,0.19724324938816368,-0.2552074645200937,0.37444025079959664,1.187501919116878,0.6283943367935273,-0.8130616683172814
0.7071067811865476,0.7071067811865476,-0.9889981867000327,-0.14792764009490353,1.0,6.123233995736766e-17,0.2926003356333493,-0.9562348265919054,-0.6993273243967923,-0.1046006374360293,-0.6993273243967923,-0.1046006374360293,64.48016458807041,148,5.003946305945459,0.8929047081195746,1.0,2.8317630175073925,1.0,5.0843034271365575,1.0,1.4984934463654156,1.0,3.451734728698738,25.0,-1.9388583093878178,12.791666666666666,1027.2291666666667,1.6291666666668334,-1.8582859495180002,0.7124370936425539,3.297610692047669,1.0,3.494481087997709,1.0,0.001953221118395251,0.006194456449596187,0.003277941104579608,-0.004241235331200936,0.11590990388547145,0.3675973216413584,0.19452269627630212,-0.25168741775588693,0.3722180600071749,1.1804544507290389,0.6246650045268958,-0.808236390721864
0.8660254037844386,0.5000000000000001,-0.9891040346625437,-0.1472182346527683,0.8660254037844387,-0.4999999999999998,0.29122829974190045,-0.9566535827714449,-0.8565892210034468,-0.1274947311095959,-0.49455201733127196,-0.07360911732638416,63.85176934867643,149,5.0106352940962555,0.8929047081195746,1.0,2.8317630175073925,1.0,5.0843034271365575,1.0,1.4984934463654156,1.0,3.451734728698738,25.0,-1.9388583093878178,12.791666666666666,1027.2291666666667,1.6291666666668334,-1.8582859495180002,0.7124370936425539,3.297610692047669,1.0,3.494481087997709,1.0,0.001873509104167644,0.005941657318974365,0.0031441665485374424,-0.00406814821480672,0.11431117211295527,0.36252709469871014,0.19183966743590447,-0.2482159225857548,0.3700090572518495,1.173448806956283,0.6209578047308175,-0.8034397497044334
0.9659258262890683,0.25881904510252074,-0.989209373770719,-0.1465087534727597,0.49999999999999994,-0.8660254037844387,0.28985566454943457,-0.9570703703117163,-0.9555028817323736,-0.14151658875675682,-0.2560262255258,-0.03791925567298029,63.507835260968484,150,5.017279836814924,0.8929047081195746,1.0,2.8317630175073925,1.0,5.0843034271365575,1.0,1.4984934463654156,1.0,3.451734728698738,25.0,-1.9388583093878178,12.791666666666666,1027.2291666666667,1.6291666666668334,-1.8582859495180002,0.7124370936425539,3.297610692047669,1.0,3.494481087997709,1.0,0.0017970501805155913,0.005699175058115562,0.003015851404752344,-0.0039021248775999704,0.11273449146113512,0.3575268008043634,0.189193645299075,-0.24479230934322826,0.36781316426656846,1.1664847395820408,0.6172726060557056,-0.7986715753154723
1.0,6.123233995736766e-17,-0.9893142039703663,-0.14579919691987472,1.2246467991473532e-16,-1.0,0.2884824328806091,-0.9574851883550392,-0.9893142039703663,-0.14579919691987472,-6.057802366216603e-17,-8.92762599130896e-18,63.646182224136,151,5.0238805208462765,0.8929047081195746,1.0,2.8317630175073925,1.0,5.0843034271365575,1.0,1.4984934463654156,1.0,3.451734728698738,25.0,-1.9388583093878178,12.791666666666666,1027.2291666666667,1.6291666666668334,-1.8582859495180002,0.7124370936425539,3.297610692047669,1.0,3.494481087997709,1.0,0.0017237115870466283,0.005466588629963805,0.002892772871646232,-0.0037428770429171767,0.11117955778147771,0.3525954753799477,0.18658411943667194,-0.24141591759846995,0.3656303032487711,1.1595620018628336,0.6136092779314934,-0.7939316986140624
0.9659258262890683,-0.25881904510252063,-0.9894185252075542,-0.14508956535915438,-0.4999999999999997,-0.8660254037844388,0.2871086075613191,-0.9578980360477833,-0.9557049065068182,-0.14014575830546297,0.25608035790096345,0.03755194276059609,64.43411048383096,152,5.030437921392435,0.8929047081195746,1.0,2.8317630175073925,1.0,5.0843034271365575,1.0,1.4984934463654156,1.0,3.451734728698738,25.0,-1.9388583093878178,12.791666666666666,1027.2291666666667,1.6291666666668334,-1.8582859495180002,0.7124370936425539,3.297610692047669,1.0,3.494481087997709,1.0,0.0016533659813919859,0.005243494180213968,0.0027747172402943906,-0.003590128198821982,0.10964607112053479,0.34773216715140876,0.18401058645984275,-0.23808609603087394,0.36346039685763193,1.1526803485195318,0.609967690563009,-0.7892199516619
0.8660254037844387,-0.4999999999999998,-0.9895223374286137,-0.14437985915567558,-0.8660254037844385,-0.5000000000000004,0.2857341914186763,-0.9583089125403745,-0.8569514818253368,-0.12503662582363434,0.49476116871430664,0.07218992957783776,65.94939366047575,153,5.0369526024136295,0.8929047081195746,1.0,2.8317630175073925,1.0,5.0843034271365575,1.0,1.4984934463654156,1.0,3.451734728698738,25.0,-1.9388583093878178,12.791666666666666,1027.2291666666667,1.6291666666668334,-1.8582859495180002,0.7124370936425539,3.297610692047669,1.0,3.494481087997709,1.0,0.0015858912180940973,0.005029504336074364,0.0026614795233493443,-0.003443613117980267,0.108133735662081,0.34293593796550437,0.18147254992291864,-0.23480220230342339,0.3613033682113199,1.1458395357286644,0.6063477149253756,-0.7845361675173443
0.7071067811865476,-0.7071067811865475,-0.9896256405801379,-0.14367007867455114,-1.0,-1.8369701987210297e-16,0.28435918728100296,-0.9587178169872965,-0.6997710012902966,-0.10159008688437991,0.6997710012902965,0.1015900868843799,68.13950025106612,154,5.043425116919247,0.8929047081195746,1.0,2.8317630175073925,1.0,5.0843034271365575,1.0,1.4984934463654156,1.0,3.451734728698738,25.0,-1.9388583093878178,12.791666666666666,1027.2291666666667,1.6291666666668334,-1.8582859495180002,0.7124370936425539,3.297610692047669,1.0,3.494481087997709,1.0,0.0015211701365178266,0.004824247533647225,0.0025528630991085446,-0.003303077397129398,0.1066422596700497,0.3382058626088306,0.178969520227648,-0.2315636029387809,0.35915914088427464,1.139039321113778,0.6027492227594404,-0.7798801802295032
0.49999999999999994,-0.8660254037844387,-0.989728434608981,-0.14296022428093808,-0.8660254037844386,0.5000000000000001,0.28298359797784334,-0.9591247485470877,-0.49486421730449043,-0.07148011214046902,0.8571299672191832,0.12380718595801332,70.81132986931891,155,5.049856007249537,0.8929047081195746,1.0,2.8317630175073925,1.0,5.0843034271365575,1.0,1.4984934463654156,1.0,3.451734728698738,25.0,-1.9388583093878178,12.791666666666666,1027.2291666666667,1.6291666666668334,-1.8582859495180002,0.7124370936425539,3.297610692047669,1.0,3.494481087997709,1.0,0.0014590903574171672,0.004627367372759179,0.0024486793701078763,-0.0031682770153420117,0.10517135543225573,0.33354102862934387,0.17650101452875072,-0.22836967319708815,0.35702763890449873,1.132279463736853,0.5991720865672305,-0.7752518248323541
0.258819045102521,-0.9659258262890682,-0.9898307194622599,-0.14225029634002537,-0.5000000000000004,0.8660254037844384,0.28160742633993396,-0.9595297063823499,-0.25618704162436345,-0.036817085864276004,0.9561030555828862,0.1374032350321038,73.65587387879266,156,5.056245805348308,0.8929047081195746,1.0,2.8317630175073925,1.0,5.0843034271365575,1.0,1.4984934463654156,1.0,3.451734728698738,25.0,-1.9388583093878178,12.791666666666666,1027.2291666666667,1.6291666666668334,-1.8582859495180002,0.7124370936425539,3.297610692047669,1.0,3.494481087997709,1.0,0.001399544087804152,0.004438521998121419,0.0023487474356481217,-0.0030389779103172664,0.10372073920489454,0.32894053616034524,0.17406655664077533,-0.22521979695545072,0.35490878675086557,1.125559724089763,0.5956161796074351,-0.7706509373388974
1.2246467991473532e-16,-1.0,-0.989932495087353,-0.14154029521704337,-2.4492935982947064e-16,1.0,0.2802306751992165,-0.9599326896597444,-1.2123176614806798e-16,-1.7333686948792358e-17,0.989932495087353,0.14154029521704337,76.3030387545645,157,5.062595033026967,0.8929047081195746,1.0,2.8317630175073925,1.0,5.0843034271365575,1.0,1.4984934463654156,1.0,3.451734728698738,25.0,-1.9388583093878178,12.791666666666666,1027.2291666666667,1.6291666666668334,-1.8582859495180002,0.7124370936425539,3.297610692047669,1.0,3.494481087997709,1.0,0.001342427933781168,0.004257383505745049,0.0022528937776858013,-0.002914955571963881,0.10229013115780672,0.32440349774689203,0.17166567694624063,-0.2221133665890853,0.35280250935044405,1.118879864085792,0.592081375890915,-0.766077354735348
-0.2588190451025208,-0.9659258262890683,-0.990033761431901,-0.1408302212772591,0.5,0.8660254037844386,0.27885334738882356,-0.9603336975499964,0.2562395927530615,0.03644954339255691,0.9562991790651834,0.13603154785370883,78.39384921923613,158,5.0689042022202315,0.8929047081195746,1.0,2.8317630175073925,1.0,5.0843034271365575,1.0,1.4984934463654156,1.0,3.451734728698738,25.0,-1.9388583093878178,12.791666666666666,1027.2291666666667,1.6291666666668334,-1.8582859495180002,0.7124370936425539,3.297610692047669,1.0,3.494481087997709,1.0,0.0012876427210117003,0.004083637373580993,0.002160951959542999,-0.002795994652569292,0.1008792553204976,0.31992903817460394,0.16929791230504457,-0.21904978285410634,0.35070873207583836,1.112239647051197,0.5885675501762395,-0.7615309149753585
-0.4999999999999997,-0.8660254037844388,-0.9901345184438062,-0.14012007488597805,0.8660254037844384,0.5000000000000004,0.27747544574307587,-0.9607327292278958,0.4950672592219028,0.07006003744298898,0.8574816461362081,0.12134754443143494,79.65252210695029,159,5.075173815233827,0.8929047081195746,1.0,2.8317630175073925,1.0,5.0843034271365575,1.0,1.4984934463654156,1.0,3.451734728698738,25.0,-1.9388583093878178,12.791666666666666,1027.2291666666667,1.6291666666668334,-1.8582859495180002,0.7124370936425539,3.297610692047669,1.0,3.494481087997709,1.0,0.001235093322517747,0.003916981915395741,0.0020727623369129785,-0.002681888592877994,0.09948783952890126,0.31551629430083034,0.16696280596512228,-0.21602845477192903,0.3486273807425439,1.105638837716822,0.5850745779652474,-0.7570114569742782
-0.7071067811865471,-0.7071067811865479,-0.9902347660712334,-0.1394098564085394,1.0,1.1943401194869635e-15,0.2760969730974685,-0.9611297838723009,0.7002017180556434,0.09857765483072102,0.7002017180556441,0.09857765483072113,79.94074209797932,160,5.081404364984463,0.8929047081195746,1.0,2.8317630175073925,1.0,5.0843034271365575,1.0,1.4984934463654156,1.0,3.451734728698738,25.0,-1.9388583093878178,12.791666666666666,1027.2291666666667,1.6291666666668334,-1.8582859495180002,0.7124370936425539,3.297610692047669,1.0,3.494481087997709,1.0,0.0011846884935049192,0.003757127756934752,0.001988171780659828,-0.002572439263429833,0.09811561537287915,0.31116441488814683,0.1646599074743372,-0.21304879951526767,0.346558381606319,1.0990772022097643,0.5816023354986375,-0.7525188206034453
-0.8660254037844385,-0.5000000000000004,-0.9903345042626092,-0.13869956621032464,0.8660254037844392,-0.4999999999999992,0.2747179322886816,-0.9615248606661355,0.8576548389356878,0.12011734783202285,0.495167252131305,0.06934978310516238,79.2809330251918,161,5.087596335232384,0.8929047081195746,1.0,2.8317630175073925,1.0,5.0843034271365575,1.0,1.4984934463654156,1.0,3.451734728698738,25.0,-1.9388583093878178,12.791666666666666,1027.2291666666667,1.6291666666668334,-1.8582859495180002,0.7124370936425539,3.297610692047669,1.0,3.494481087997709,1.0,0.0011363407129284257,0.0036037973334639177,0.0019070334109308083,-0.0024674566205354917,0.0967623181444422,0.306872560440147,0.1623887725935861,-0.21011024229570477,0.3445016613605719,1.092554508045086,0.5781506997515827,-0.7480528466845141
-0.9659258262890683,-0.25881904510252063,-0.9904337329666218,-0.13798920465674963,0.4999999999999998,-0.8660254037844388,0.27333832615455944,-0.9619179587963953,0.9566855219003506,0.13328733652704225,0.25634311300374596,0.035714234183716234,77.84322854256479,162,5.093750200806762,0.8929047081195746,1.0,2.8317630175073925,1.0,5.0843034271365575,1.0,1.4984934463654156,1.0,3.451734728698738,25.0,-1.9388583093878178,12.791666666666666,1027.2291666666667,1.6291666666668334,-1.8582859495180002,0.7124370936425539,3.297610692047669,1.0,3.494481087997709,1.0,0.0010899660315248285,0.0034567244078166173,0.0018292063421197114,-0.0023667583762917886,0.09542768678668788,0.30263990303950056,0.16014896321110406,-0.20721221625281266,0.3424571471337635,1.0860705241175779,0.5747195484293713,-0.7436133769838144
-1.0,-1.8369701987210297e-16,-0.9905324521322227,-0.1372787721132651,3.6739403974420594e-16,-1.0,0.2719581575341062,-0.9623090774541484,0.9905324521322227,0.1372787721132651,1.819578595432958e-16,2.5217701328908355e-17,75.90011116853094,163,5.099866427824199,0.8929047081195746,1.0,2.8317630175073925,1.0,5.0843034271365575,1.0,1.4984934463654156,1.0,3.451734728698738,25.0,-1.9388583093878178,12.791666666666666,1027.2291666666667,1.6291666666668334,-1.8582859495180002,0.7124370936425539,3.297610692047669,1.0,3.494481087997709,1.0,0.0010454839260457018,0.0033156536081095276,0.001754555438238398,-0.002270169682063826,0.09411146384344096,0.29846562618824424,0.15794004725795044,-0.20435416234480325,0.3404247664868256,1.0796250206935711,0.5713087599630745,-0.7392002542067454
-0.9659258262890684,0.2588190451025203,-0.9906306617086247,-0.136568268945361,-0.49999999999999917,-0.8660254037844392,0.27057742926748873,-0.9626982158345351,0.9568757404581899,0.13191481802591556,-0.2563940819127041,-0.035346468959742514,73.76085792802071,164,5.10594547390058,0.8929047081195746,1.0,2.8317630175073925,1.0,5.0843034271365575,1.0,1.4984934463654156,1.0,3.451734728698738,25.0,-1.9388583093878178,12.791666666666666,1027.2291666666667,1.6291666666668334,-1.8582859495180002,0.7124370936425539,3.297610692047669,1.0,3.494481087997709,1.0,0.0010028171594401068,0.0031803399843245315,0.0016829510782717743,-0.002177522824884425,0.09281339540958924,0.29434892465027584,0.15576159862466118,-0.20153552924068657,0.33840444741059406,1.0732177694027971,0.5679182135052384,-0.7348133219922031
-0.8660254037844386,0.5000000000000001,-0.9907283616453026,-0.13585769551856264,-0.8660254037844387,-0.49999999999999983,0.2691961441960239,-0.963085373136771,0.8579959294345685,0.11765621561868653,-0.49536418082265143,-0.06792884775928133,71.70284875967275,165,5.111987788356544,0.8929047081195746,1.0,2.8317630175073925,1.0,5.0843034271365575,1.0,1.4984934463654156,1.0,3.451734728698738,25.0,-1.9388583093878178,12.791666666666666,1027.2291666666667,1.6291666666668334,-1.8582859495180002,0.7124370936425539,3.297610692047669,1.0,3.494481087997709,1.0,0.0009618916467430845,0.0030505485829867346,0.001614268931108743,-0.00208865693624365,0.09153323108210404,0.29028900429602084,0.15361319707905027,-0.19875577321391674,0.3363961183232576,1.066848543230297,0.5645477889256026,-0.7304524249070394
-0.7071067811865477,0.7071067811865474,-0.990825551891994,-0.13514705219843157,-1.0,-4.286263797015736e-16,0.2678143051621742,-0.9634705485641488,0.7006194667157325,0.09556339706688328,-0.7006194667157322,-0.09556339706688324,69.91717636399139,166,5.117993812416755,0.8929047081195746,1.0,2.8317630175073925,1.0,5.0843034271365575,1.0,1.4984934463654156,1.0,3.451734728698738,25.0,-1.9388583093878178,12.791666666666666,1027.2291666666667,1.6291666666668334,-1.8582859495180002,0.7124370936425539,3.297610692047669,1.0,3.494481087997709,1.0,0.0009226363264373139,0.002926054039200096,0.0015483897396583435,-0.002003417712762782,0.09027072391173645,0.286285081949241,0.15149442818514514,-0.19601435803750455,0.3343997080678215,1.060517116508377,0.5611973668068438,-0.7261174084405556
-0.5000000000000004,0.8660254037844384,-0.9909222323986983,-0.13443633935056526,-0.8660254037844392,0.4999999999999991,0.2664319150095422,-0.9638537413240393,0.49546111619934957,0.06721816967528269,-0.8581638264320597,-0.11642528506937506,68.4817719725895,167,5.123963979403259,0.8929047081195746,1.0,2.8317630175073925,1.0,5.0843034271365575,1.0,1.4984934463654156,1.0,3.451734728698738,25.0,-1.9388583093878178,12.791666666666666,1027.2291666666667,1.6291666666668334,-1.8582859495180002,0.7124370936425539,3.297610692047669,1.0,3.494481087997709,1.0,0.0008849830370645764,0.0028066401853323398,0.0014851991137762458,-0.0019216571482677633,0.0890256303553797,0.2823363852359568,0.14940488322324028,-0.19331075488057706,0.33241514590958665,1.0542232649086143,0.557866828440345,-0.7218081189990276
-0.25881904510252157,0.9659258262890681,-0.991018403115677,-0.13372555734059785,-0.5000000000000014,0.8660254037844378,0.26504897658286636,-0.964234950627893,0.2564944367734253,0.03461072105669603,-0.9572502698971831,-0.12916896947018314,67.36758920900382,168,5.1298987149230735,0.8929047081195746,1.0,2.8317630175073925,1.0,5.0843034271365575,1.0,1.4984934463654156,1.0,3.451734728698738,25.0,-1.9388583093878178,12.791666666666666,1027.2291666666667,1.6291666666668334,-1.8582859495180002,0.7124370936425539,3.297610692047669,1.0,3.494481087997709,1.0,0.000848866398872768,0.00269209967566962,0.0014245873316420113,-0.0018432332767968518,0.08779771022908864,0.2784421524354524,0.14734415911105322,-0.19064444220636376,0.33044236153364315,1.0479667654339075,0.554556055821989,-0.7175244039002645
0.0,1.0,-0.9911140639934546,-0.13301470653419636,0.0,1.0,0.26366549272800816,-0.9646141756912432,-0.0,-0.0,-0.9911140639934546,-0.13301470653419636,66.47434397705764,169,5.135798437050262,0.8929047081195746,1.0,2.8317630175073925,1.0,5.0843034271365575,1.0,1.4984934463654156,1.0,3.451734728698738,25.0,-1.9388583093878178,12.791666666666666,1027.2291666666667,1.6291666666668334,-1.8582859495180002,0.7124370936425539,3.297610692047669,1.0,3.494481087997709,1.0,0.0008142237002929592,0.002582233626389229,0.0013664491492422562,-0.0017680099260962696,0.08658672666174735,0.27460163233333756,0.14531185832596866,-0.18801490567159018,0.32848128504237895,1.0417473964105768,0.5512649316479777,-0.7132661113681978
0.25881904510252074,0.9659258262890683,-0.9912092149828173,-0.13230378729706502,0.49999999999999994,0.8660254037844387,0.2622814662919549,-0.964991415733706,-0.25654382251867197,-0.03424273989167338,-0.9574345800076166,-0.12779564506609067,65.68432823776314,170,5.14166355650266,0.8929047081195746,1.0,2.8317630175073925,1.0,5.0843034271365575,1.0,1.4984934463654156,1.0,3.451734728698738,25.0,-1.9388583093878178,12.791666666666666,1027.2291666666667,1.6291666666668334,-1.8582859495180002,0.7124370936425539,3.297610692047669,1.0,3.494481087997709,1.0,0.000780994789049397,0.002476851270225245,0.001310683617628923,-0.0016958564811758478,0.08539244604937545,0.27081408407663377,0.14330758882835398,-0.18542163802725833,0.3265318469530034,1.0355649374805085,0.5479933393106764,-0.7090330905275052
0.49999999999999994,0.8660254037844387,-0.9913038560348134,-0.1315927999949459,0.8660254037844386,0.5000000000000001,0.2608969001228157,-0.9653666699789804,-0.49565192801740665,-0.06579639999747294,-0.8584943221956204,-0.11396270775074792,64.91804198902794,171,5.147494476813453,0.8929047081195746,1.0,2.8317630175073925,1.0,5.0843034271365575,1.0,1.4984934463654156,1.0,3.451734728698738,25.0,-1.9388583093878178,12.791666666666666,1027.2291666666667,1.6291666666668334,-1.8582859495180002,0.7124370936425539,3.297610692047669,1.0,3.494481087997709,1.0,0.0007491219677133574,0.0023757696252274334,0.0012571939076353286,-0.001626647657514076,0.08421463801006497,0.2670787770308615,0.14133096398593364,-0.18286413902079654,0.3245939781950856,1.0294191695933494,0.5447411628944813,-0.7048251913982637
0.7071067811865476,0.7071067811865476,-0.9913979871007543,-0.1308817449936108,1.0,6.123233995736766e-17,0.25951179706979993,-0.9657399376548549,-0.7010242395336368,-0.09254736941851067,-0.7010242395336368,-0.09254736941851067,64.17509507158971,172,5.153291594497779,0.8929047081195746,1.0,2.8317630175073925,1.0,5.0843034271365575,1.0,1.4984934463654156,1.0,3.451734728698738,25.0,-1.9388583093878178,12.791666666666666,1027.2291666666667,1.6291666666668334,-1.8582859495180002,0.7124370936425539,3.297610692047669,1.0,3.494481087997709,1.0,0.0007185498935195044,0.002278813177038282,0.0012058871417456466,-0.0015602632835187774,0.0830530753395388,0.26339499063909727,0.1393816024992059,-0.18034191529955843,0.32266761010810685,1.0233098749987437,0.5415082871717132,-0.7006422648906367
0.8660254037844386,0.5000000000000001,-0.9914916081322132,-0.13017062265886986,0.8660254037844387,-0.4999999999999998,0.25812615998322874,-0.9661112179932042,-0.8586569202815822,-0.11273106604901956,-0.4957458040661067,-0.06508531132943494,63.54808374520569,173,5.159055299214529,0.8929047081195746,1.0,2.8317630175073925,1.0,5.0843034271365575,1.0,1.4984934463654156,1.0,3.451734728698738,25.0,-1.9388583093878178,12.791666666666666,1027.2291666666667,1.6291666666668334,-1.8582859495180002,0.7124370936425539,3.297610692047669,1.0,3.494481087997709,1.0,0.0006892254822708023,0.002185813574136499,0.0011566742328258967,-0.001496588091865697,0.08190753396732181,0.2597620142829749,0.13745912832788848,-0.17785448031565307,0.32075267443902805,1.0172368372386191,0.5382945975985345,-0.696484162799591
0.9659258262890683,0.25881904510252074,-0.9915847190810255,-0.12945943335656784,0.49999999999999994,-0.8660254037844387,0.25673999171452216,-0.9664805102299927,-0.9577972891139532,-0.12504821013585737,-0.2566410101308023,-0.03350656692086031,63.204785741762564,174,5.1647859739235145,0.8929047081195746,1.0,2.8317630175073925,1.0,5.0843034271365575,1.0,1.4984934463654156,1.0,3.451734728698738,25.0,-1.9388583093878178,12.791666666666666,1027.2291666666667,1.6291666666668334,-1.8582859495180002,0.7124370936425539,3.297610692047669,1.0,3.494481087997709,1.0,0.0006610978161651152,0.0020966093355177747,0.0011094697294364016,-0.0014355115193526596,0.08077779291351682,0.25617914714560464,0.13556317061837886,-0.17540135423208783,0.31884910333987143,1.011199841139517,0.5350999803108912,-0.6923507377996456
1.0,6.123233995736766e-17,-0.99167731989929,-0.12874817745258138,1.2246467991473532e-16,-1.0,0.2553532951161882,-0.9668478136052773,-0.99167731989929,-0.12874817745258138,-6.072272278008457e-17,-7.88355217066796e-18,63.34296781101926,175,5.170483995038151,0.8929047081195746,1.0,2.8317630175073925,1.0,5.0843034271365575,1.0,1.4984934463654156,1.0,3.451734728698738,25.0,-1.9388583093878178,12.791666666666666,1027.2291666666667,1.6291666666668334,-1.8582859495180002,0.7124370936425539,3.297610692047669,1.0,3.494481087997709,1.0,0.0006341180553834535,0.002011045570305245,0.001064191667457124,-0.0013769275149217914,0.07966363424617658,0.2526456980763822,0.133693363632215,-0.17298206383020565,0.3169568293653167,1.0051986728049693,0.5319243221204785,-0.6882418434396527
0.9659258262890683,-0.25881904510252063,-0.9917694105393668,-0.1280368553128231,-0.4999999999999997,-0.8660254037844388,0.2539660730418255,-0.9672131273632064,-0.9579756873634602,-0.12367410526349254,0.2566888117976887,0.03313837662999447,64.12993195448001,176,5.176149732573829,0.8929047081195746,1.0,2.8317630175073925,1.0,5.0843034271365575,1.0,1.4984934463654156,1.0,3.451734728698738,25.0,-1.9388583093878178,12.791666666666666,1027.2291666666667,1.6291666666668334,-1.8582859495180002,0.7124370936425539,3.297610692047669,1.0,3.494481087997709,1.0,0.000608239353286357,0.0019289737088028244,0.001020761427768267,-0.0013207343555164675,0.07856484303926371,0.2491609854576629,0.13184934667552273,-0.17059614241839918,0.3150757854703115,0.9992331196079193,0.52876751051073,-0.6841573341376078
0.8660254037844387,-0.4999999999999998,-0.991860990953879,-0.1273254673032423,-0.8660254037844385,-0.5000000000000004,0.25257832834611926,-0.9675764507520219,-0.8589768151888666,-0.11026708923333275,0.4959304954769393,0.06366273365162112,65.6435083113221,177,5.181783550292085,0.8929047081195746,1.0,2.8317630175073925,1.0,5.0843034271365575,1.0,1.4984934463654156,1.0,3.451734728698738,25.0,-1.9388583093878178,12.791666666666666,1027.2291666666667,1.6291666666668334,-1.8582859495180002,0.7124370936425539,3.297610692047669,1.0,3.494481087997709,1.0,0.0005834167750711544,0.0018502512445243832,0.0009791035997389933,-0.0012668344694532286,0.07748120733119057,0.24572433707327448,0.13003076402943628,-0.1682431297420839,0.3132059050076956,0.9933029701831877,0.5256294336328314,-0.6800970651754921
0.7071067811865476,-0.7071067811865475,-0.9919520610957124,-0.12661401378981696,-1.0,-1.8369701987210297e-16,0.25119006388481974,-0.9679377830240641,-0.7014160290127508,-0.08952962774402662,0.7014160290127507,0.0895296277440266,67.83127276636365,178,5.187385805840755,0.8929047081195746,1.0,2.8317630175073925,1.0,5.0843034271365575,1.0,1.4984934463654156,1.0,3.451734728698738,25.0,-1.9388583093878178,12.791666666666666,1027.2291666666667,1.6291666666668334,-1.8582859495180002,0.7124370936425539,3.297610692047669,1.0,3.494481087997709,1.0,0.0005596072197488647,0.0017747414867508497,0.0009391458502872478,-0.001215134267001985,0.07641251808393104,0.24233508997884423,0.12823726488147888,-0.1659225718949132,0.3113471217258396,0.9874080144199845,0.5225099803017581,-0.6760608926941449
0.49999999999999994,-0.8660254037844387,-0.9920426209180151,-0.12590249513856133,-0.8660254037844386,0.5000000000000001,0.24980128251475206,-0.9682971234357691,-0.4960213104590075,-0.06295124756928065,0.8591341113518969,0.10903475918984092,70.5002758131627,179,5.19295685089021,0.8929047081195746,1.0,2.8317630175073925,1.0,5.0843034271365575,1.0,1.4984934463654156,1.0,3.451734728698738,25.0,-1.9388583093878178,12.791666666666666,1027.2291666666667,1.6291666666668334,-1.8582859495180002,0.7124370936425539,3.297610692047669,1.0,3.494481087997709,1.0,0.0005367693453052674,0.001702313323185612,0.0009008187982833248,-0.0011655439778803444,0.075358569142696,0.23899259037391352,0.12646850325788916,-0.1636340212312175,0.3094993697662981,0.981548043454465,0.5194090399923348,-0.6720486736881668
0.258819045102521,-0.9659258262890682,-0.9921326703741972,-0.12519091171552588,-0.5000000000000004,0.8660254037844384,0.2484119870938101,-0.9686544712476708,-0.256782830361264,-0.032401792225726415,0.9583265694195762,0.12092513484270112,73.34169283362858,180,5.198497031265826,0.8929047081195746,1.0,2.8317630175073925,1.0,5.0843034271365575,1.0,1.4984934463654156,1.0,3.451734728698738,25.0,-1.9388583093878178,12.791666666666666,1027.2291666666667,1.6291666666668334,-1.8582859495180002,0.7124370936425539,3.297610692047669,1.0,3.494481087997709,1.0,0.0005148634969161874,0.001632840992296061,0.0008640558940790892,-0.0011179774953798734,0.07431915719616528,0.23569619347581708,0.12472413795688145,-0.16137703627965178,0.3076625836614754,0.9757228496623277,0.5163265028353202,-0.6680602660008522
1.2246467991473532e-16,-1.0,-0.9922222094179322,-0.12447926388678993,-2.4492935982947064e-16,1.0,0.24702218048093705,-0.9690098257244059,-1.2151217528065855e-16,-1.52443132079176e-17,0.9922222094179322,0.12447926388678993,75.98563484018311,181,5.204006687076795,0.8929047081195746,1.0,2.8317630175073925,1.0,5.0843034271365575,1.0,1.4984934463654156,1.0,3.451734728698738,25.0,-1.9388583093878178,12.791666666666666,1027.2291666666667,1.6291666666668334,-1.8582859495180002,0.7124370936425539,3.297610692047669,1.0,3.494481087997709,1.0,0.0004938516380923501,0.001566203864946005,0.0008287933039536724,-0.0010723522268536547,0.07329408173726804,0.23244526339530183,0.12300383248282651,-0.15915118165803377,0.30583669833230676,0.9699322266514602,0.5132622596135143,-0.6640955283191534
-0.2588190451025208,-0.9659258262890683,-0.9923112380031561,-0.12376755201846601,0.5,0.8660254037844386,0.24563186553612804,-0.9693631861347126,0.2568290470644771,0.03203339962809594,0.9584990525041269,0.11955027495121202,78.07333759165246,182,5.209486152841421,0.8929047081195746,1.0,2.8317630175073925,1.0,5.0843034271365575,1.0,1.4984934463654156,1.0,3.451734728698738,25.0,-1.9388583093878178,12.791666666666666,1027.2291666666667,1.6291666666668334,-1.8582859495180002,0.7124370936425539,3.297610692047669,1.0,3.494481087997709,1.0,0.00047369728463425977,0.001502286234939792,0.0007949697992750117,-0.0010285889503055322,0.07228314502450403,0.22923917301386076,0.12130725498134,-0.15695602798935673,0.3040216490859519,0.9641759692546249,0.5102162017578882,-0.6601543201686729
-0.4999999999999997,-0.8660254037844388,-0.9923997560840668,-0.1230557764767048,0.8660254037844384,0.5000000000000004,0.2442410451204346,-0.9697145517514305,0.49619987804203314,0.06152788823835237,0.8594433994782825,0.10656942851124593,79.32922099758281,183,5.214935757608986,0.8929047081195746,1.0,2.8317630175073925,1.0,5.0843034271365575,1.0,1.4984934463654156,1.0,3.451734728698738,25.0,-1.9388583093878178,12.791666666666666,1027.2291666666667,1.6291666666668334,-1.8582859495180002,0.7124370936425539,3.297610692047669,1.0,3.494481087997709,1.0,0.00045436544128240876,0.0014409771181144312,0.0007625266501847595,-0.0009866116768320224,0.07128615204379848,0.2260773038627594,0.11963407817526639,-0.15479115181896091,0.30221737161350337,0.9584538735221907,0.5071882213437376,-0.6562365019086872
-0.7071067811865471,-0.7071067811865479,-0.9924877636151256,-0.12234393762768365,1.0,1.1943401194869635e-15,0.24284972209593633,-0.9700639218515069,0.7017948278969262,0.08651022793359908,0.7017948278969269,0.08651022793359917,79.6151509442871,184,5.220355825078324,0.8929047081195746,1.0,2.8317630175073925,1.0,5.0843034271365575,1.0,1.4984934463654156,1.0,3.451734728698738,25.0,-1.9388583093878178,12.791666666666666,1027.2291666666667,1.6291666666668334,-1.8582859495180002,0.7124370936425539,3.297610692047669,1.0,3.494481087997709,1.0,0.00043582254095282755,0.0013821700596308713,0.0007314075236219689,-0.0009463475186780436,0.07030291047088294,0.22295904600373023,0.11798397930154576,-0.15265613553284726,0.3004238019877078,0.9527657367149063,0.5041782110868595,-0.6523419347271985
-0.8660254037844385,-0.5000000000000004,-0.9925752605510562,-0.12163203583761507,0.8660254037844392,-0.4999999999999992,0.24145789932575237,-0.9704112957159943,0.8595953908051727,0.10533643294939389,0.4962876302755285,0.06081601791880759,78.9536981965236,185,5.225746673713202,0.8929047081195746,1.0,2.8317630175073925,1.0,5.0843034271365575,1.0,1.4984934463654156,1.0,3.451734728698738,25.0,-1.9388583093878178,12.791666666666666,1027.2291666666667,1.6291666666668334,-1.8582859495180002,0.7124370936425539,3.297610692047669,1.0,3.494481087997709,1.0,0.0004180363864524676,0.0013257629491298401,0.0007015583855084953,-0.0009077265626773723,0.06933323063419515,0.21988379791131296,0.11635664004895133,-0.15055056727711782,0.2986408766607009,0.9471113572967171,0.5011860643397498,-0.6484704806360162
-0.9659258262890683,-0.25881904510252063,-0.9926622468468446,-0.1209200714727466,0.4999999999999998,-0.8660254037844388,0.24006557967403536,-0.9707566726300517,0.9588381010115015,0.11679981995224595,0.2569198948382229,0.03129641743230482,77.51509901417522,186,5.231108616854587,0.8929047081195746,1.0,2.8317630175073925,1.0,5.0843034271365575,1.0,1.4984934463654156,1.0,3.451734728698738,25.0,-1.9388583093878178,12.791666666666666,1027.2291666666667,1.6291666666668334,-1.8582859495180002,0.7124370936425539,3.297610692047669,1.0,3.494481087997709,1.0,0.0004009760945732086,0.0012716578434312622,0.0006729274069262575,-0.0008706817488580535,0.06837692547829052,0.2168509663568178,0.11475174649668593,-0.14847404087852725,0.2968685324617559,0.9414905349276249,0.4982116750878262,-0.6446220024658691
-1.0,-1.8369701987210297e-16,-0.9927487224577402,-0.12020804489935269,3.6739403974420594e-16,-1.0,0.2386727660059501,-0.9711000518829505,0.9927487224577402,0.12020804489935269,1.8236498179732433e-16,2.2081859612663038e-17,75.57188718438974,187,5.236441962829949,0.8929047081195746,1.0,2.8317630175073925,1.0,5.0843034271365575,1.0,1.4984934463654156,1.0,3.451734728698738,25.0,-1.9388583093878178,12.791666666666666,1027.2291666666667,1.6291666666668334,-1.8582859495180002,0.7124370936425539,3.297610692047669,1.0,3.494481087997709,1.0,0.00038461204246741825,0.0012197607964694094,0.0006454648741234569,-0.000835148754001991,0.06743381052775853,0.2138599662938893,0.11316898905382543,-0.14642615576613074,0.2951067065950454,0.9359030704565893,0.49525493794567066,-0.6407963638615438
-0.9659258262890684,0.2588190451025203,-0.9928346873392545,-0.11949595648374332,-0.49999999999999917,-0.8660254037844392,0.23727946118768495,-0.9714414327680706,0.9590046657366184,0.11542423050476233,-0.25696452572180517,-0.030927829350734765,73.43333617213919,188,5.241747015059643,0.8929047081195746,1.0,2.8317630175073925,1.0,5.0843034271365575,1.0,1.4984934463654156,1.0,3.451734728698738,25.0,-1.9388583093878178,12.791666666666666,1027.2291666666667,1.6291666666668334,-1.8582859495180002,0.7124370936425539,3.297610692047669,1.0,3.494481087997709,1.0,0.0003689158162119596,0.0011699816961685025,0.0006191231021934967,-0.0008010658799565427,0.06650370385163629,0.21091022074564766,0.111608062399597,-0.14440651689401138,0.29335533663741653,0.9303487659144715,0.49231574815329626,-0.6369934292770549
-0.8660254037844386,0.5000000000000001,-0.9929201414471621,-0.11878380659226032,-0.8660254037844387,-0.49999999999999983,0.23588566808643893,-0.971780814582905,0.8598940664224805,0.1028697940671149,-0.49646007072358117,-0.05939190329613017,71.37676779345475,189,5.247024072160486,0.8929047081195746,1.0,2.8317630175073925,1.0,5.0843034271365575,1.0,1.4984934463654156,1.0,3.451734728698738,25.0,-1.9388583093878178,12.791666666666666,1027.2291666666667,1.6291666666668334,-1.8582859495180002,0.7124370936425539,3.297610692047669,1.0,3.494481087997709,1.0,0.0003538601614713244,0.001122234107975495,0.0005938563522767059,-0.0007683739465041708,0.0655864260283135,0.2080011606933881,0.11006866542448164,-0.1424147346650746,0.2916143605361791,0.9248274245070207,0.4893940015724352,-0.6332130639708415
-0.7071067811865477,0.7071067811865474,-0.9930050847375005,-0.11807159559127442,-1.0,-4.286263797015736e-16,0.2344913895704107,-0.9721181966290611,0.702160629170609,0.08348922590810583,-0.7021606291706086,-0.08348922590810579,69.59316606739051,190,5.25227342804663,0.8929047081195746,1.0,2.8317630175073925,1.0,5.0843034271365575,1.0,1.4984934463654156,1.0,3.451734728698738,25.0,-1.9388583093878178,12.791666666666666,1027.2291666666667,1.6291666666668334,-1.8582859495180002,0.7124370936425539,3.297610692047669,1.0,3.494481087997709,1.0,0.00033941893617423153,0.001076435124778373,0.0005696207521411065,-0.0007370161886041414,0.0646818001109212,0.20513222496681427,0.10855050117212882,-0.14045042485589307,0.289883716606907,0.9193388506079007,0.4864895946828491,-0.6294551340009936
-0.5000000000000004,0.8660254037844384,-0.9930895171665696,-0.11735932384719053,-0.8660254037844392,0.4999999999999991,0.23309662850880303,-0.9724535782122605,0.49654475858328523,0.05867966192359532,-0.8600407500982713,-0.10163615582263184,68.16031045107543,191,5.2574953720277815,0.8929047081195746,1.0,2.8317630175073925,1.0,5.0843034271365575,1.0,1.4984934463654156,1.0,3.451734728698738,25.0,-1.9388583093878178,12.791666666666666,1027.2291666666667,1.6291666666668334,-1.8582859495180002,0.7124370936425539,3.297610692047669,1.0,3.494481087997709,1.0,0.00032556706512152224,0.0010325052229493746,0.0005463742200043267,-0.0007069381578278523,0.06378965159319791,0.2023028601357863,0.10705327678207227,-0.13851320854258836,0.28816334353125267,0.913882849751759,0.48360242457866115,-0.6257195062205063
-0.25881904510252157,0.9659258262890681,-0.9931734386909321,-0.11664699172644472,-0.5000000000000014,0.8660254037844378,0.23170138777181162,-0.9727869586423414,0.2570522010231748,0.030190463012720156,-0.9593318744158937,-0.1126723418675002,67.0489701154982,192,5.262690188904886,0.8929047081195746,1.0,2.8317630175073925,1.0,5.0843034271365575,1.0,1.4984934463654156,1.0,3.451734728698738,25.0,-1.9388583093878178,12.791666666666666,1027.2291666666667,1.6291666666668334,-1.8582859495180002,0.7124370936425539,3.297610692047669,1.0,3.494481087997709,1.0,0.00031228049644652854,0.000990368124263161,0.0005240763914643793,-0.0006780876278166323,0.06290980837582669,0.19951252040356157,0.10557670343323594,-0.13660271202773488,0.2864531803547748,0.9084592286273372,0.4807323889647103,-0.6220060482725623
0.0,1.0,-0.9932568492674143,-0.11593459959550066,0.0,1.0,0.23030567023061246,-0.9731183372332619,-0.0,-0.0,-0.9932568492674143,-0.11593459959550066,66.15865648332507,193,5.267858159063328,0.8929047081195746,1.0,2.8317630175073925,1.0,5.0843034271365575,1.0,1.4984934463654156,1.0,3.451734728698738,25.0,-1.9388583093878178,12.791666666666666,1027.2291666666667,1.6291666666668334,-1.8582859495180002,0.7124370936425539,3.297610692047669,1.0,3.494481087997709,1.0,0.0002995361598523178,0.0009499506634501766,0.000502688549412434,-0.0006504145035978587,0.06204210073323631,0.19676066750150822,0.10412049628821914,-0.1347185667682719,0.2847531664847782,0.9030677950706207,0.4778793861529264,-0.6183146285858425
0.25881904510252074,0.9659258262890683,-0.9933397488531043,-0.11522214782085816,0.49999999999999994,0.8660254037844387,0.228909478757373,-0.9734477133030967,-0.25709524526053823,-0.029821686273655997,-0.9594925176967104,-0.11129604834066359,65.37145102227318,194,5.272999558563747,0.8929047081195746,1.0,2.8317630175073925,1.0,5.0843034271365575,1.0,1.4984934463654156,1.0,3.451734728698738,25.0,-1.9388583093878178,12.791666666666666,1027.2291666666667,1.6291666666668334,-1.8582859495180002,0.7124370936425539,3.297610692047669,1.0,3.494481087997709,1.0,0.0002873119265533009,0.000911182661155241,0.000482173556805893,-0.00062387073460194,0.06118636128086059,0.1940467705852708,0.10268437443835023,-0.1328604093044102,0.2830632416881674,0.8977083580580315,0.4750433150587279,-0.6146451163698641
0.49999999999999994,0.8660254037844387,-0.9934221374053537,-0.11450963676904506,0.8660254037844386,0.5000000000000001,0.22751281622523084,-0.9737750861740427,-0.4967110687026768,-0.057254818384522524,-0.8603288076748715,-0.09916825442012166,64.60765164752806,195,5.278114659230517,0.8929047081195746,1.0,2.8317630175073925,1.0,5.0843034271365575,1.0,1.4984934463654156,1.0,3.451734728698738,25.0,-1.9388583093878178,12.791666666666666,1027.2291666666667,1.6291666666668334,-1.8582859495180002,0.7124370936425539,3.297610692047669,1.0,3.494481087997709,1.0,0.00027558657085164094,0.0008739968020807544,0.00046249579218502623,-0.0005984102312291134,0.0603424249428491,0.19137030613236802,0.10126806084949803,-0.13102788118951894,0.2813833460893121,0.8923807276996587,0.47222407519743953,-0.6109973816103467
0.7071067811865476,0.7071067811865476,-0.9935040148817771,-0.11379706680661707,1.0,6.123233995736766e-17,0.2261156855082877,-0.9741004551724207,-0.7025134260589653,-0.0804666776180975,-0.7025134260589653,-0.0804666776180975,63.866688368406095,196,5.2832037287379885,0.8929047081195746,1.0,2.8317630175073925,1.0,5.0843034271365575,1.0,1.4984934463654156,1.0,3.451734728698738,25.0,-1.9388583093878178,12.791666666666666,1027.2291666666667,1.6291666666668334,-1.8582859495180002,0.7124370936425539,3.297610692047669,1.0,3.494481087997709,1.0,0.0002643397332817547,0.0008383285181029623,0.00044362108782121634,-0.0005739887848212075,0.059510128920223386,0.18873075784120327,0.09987128230863093,-0.12922062892097988,0.2797134201679261,0.8870847152325315,0.46942156668073276,-0.6073712950646054
0.8660254037844386,0.5000000000000001,-0.9935853812402515,-0.11308443830016635,0.8660254037844387,-0.4999999999999998,0.22471808948162095,-0.9744238196286718,-0.8604701809829042,-0.097933996340638,-0.4967926906201259,-0.05654221915008319,63.241012175327675,197,5.288267030694535,0.8929047081195746,1.0,2.8317630175073925,1.0,5.0843034271365575,1.0,1.4984934463654156,1.0,3.451734728698738,25.0,-1.9388583093878178,12.791666666666666,1027.2291666666667,1.6291666666668334,-1.8582859495180002,0.7124370936425539,3.297610692047669,1.0,3.494481087997709,1.0,0.0002535518852589008,0.0008041158761582891,0.00042551667038939804,-0.0005505639908993883,0.05868931265947225,0.18612761653146734,0.0984937693711126,-0.12743830387199506,0.2780534047569584,0.8818201330139314,0.4666356902130867,-0.603766728256973
0.9659258262890683,0.25881904510252074,-0.9936662364389174,-0.11237175161630905,0.49999999999999994,-0.8660254037844387,0.2233200310212533,-0.9747451788773651,-0.95980788048781,-0.10854277703153327,-0.2571797464657362,-0.02908394944983075,62.89830003099581,198,5.293304824724492,0.8929047081195746,1.0,2.8317630175073925,1.0,5.0843034271365575,1.0,1.4984934463654156,1.0,3.451734728698738,25.0,-1.9388583093878178,12.791666666666666,1027.2291666666667,1.6291666666668334,-1.8582859495180002,0.7124370936425539,3.297610692047669,1.0,3.494481087997709,1.0,0.00024320429517048325,0.0007712994707051073,0.0004081511040616943,-0.0005280951755346241,0.05787981782158036,0.1835603800459157,0.09713525630872522,-0.12568056222433535,0.2764032410404963,0.8765867945147418,0.4638663470882689,-0.6001835534742455
1.0,6.123233995736766e-17,-0.993746580436178,-0.11165900712169474,1.2246467991473532e-16,-1.0,0.221921513004166,-0.9750645322571947,-0.993746580436178,-0.11165900712169474,-6.084942844473966e-17,-6.837142283377749e-18,63.036269301607504,199,5.298317366548036,0.8929047081195746,1.0,2.8317630175073925,1.0,5.0843034271365575,1.0,1.4984934463654156,1.0,3.451734728698738,25.0,-1.9388583093878178,12.791666666666666,1027.2291666666667,1.6291666666668334,-1.8582859495180002,0.7124370936425539,3.297610692047669,1.0,3.494481087997709,1.0,0.0002332789958511866,0.000739822320574198,0.0003914942359234322,-0.0005065433247230114,0.057081488251483896,0.1810285531535,0.09579548105840918,-0.1239470649020161,0.2747628705516824,0.8713845143128418,0.4611134391858394,-0.5966216437611593
0.9659258262890683,-0.25881904510252063,-0.9938264131906996,-0.11094620518300186,-0.4999999999999997,-0.8660254037844388,0.2205225383082843,-0.9753818791109825,-0.9599625993491275,-0.10716580491502758,0.25722120325968,0.028714990883212867,63.82222735310672,200,5.303304908059076,0.8929047081195746,1.0,2.8317630175073925,1.0,5.0843034271365575,1.0,1.4984934463654156,1.0,3.451734728698738,25.0,-1.9388583093878178,12.791666666666666,1027.2291666666667,1.6291666666668334,-1.8582859495180002,0.7124370936425539,3.297610692047669,1.0,3.494481087997709,1.0,0.0002237587533854647,0.0007096297700287883,0.00037551714361675403,-0.0004858710166433235,0.05629416994794766,0.178531647453836,0.09447418517171016,-0.12223747750588836,0.27313223517064245,0.8662131080865352,0.4583768689676737,-0.5930808729158927
0.8660254037844387,-0.4999999999999998,-0.9939057346614113,-0.11023334616693929,-0.8660254037844385,-0.5000000000000004,0.21912310981247493,-0.9756972187856795,-0.8607476151838179,-0.09546487812473341,0.49695286733070543,0.05511667308346962,65.33406404746339,201,5.308267697401205,0.8929047081195746,1.0,2.8317630175073925,1.0,5.0843034271365575,1.0,1.4984934463654156,1.0,3.451734728698738,25.0,-1.9388583093878178,12.791666666666666,1027.2291666666667,1.6291666666668334,-1.8582859495180002,0.7124370936425539,3.297610692047669,1.0,3.494481087997709,1.0,0.00021462703718322116,0.0006806693938623951,0.0003601920851209281,-0.000466042356679174,0.05551771103385749,0.17606918128298898,0.09317111376492314,-0.12055147024913149,0.271511277122426,0.8610723926080189,0.4556565394745064,-0.589561115485593
0.7071067811865476,-0.7071067811865475,-0.9939845448075056,-0.10952043044024175,-1.0,-1.8369701987210297e-16,0.21772323039653155,-0.9760105506323683,-0.702853212028011,-0.07744263904276452,0.7028532120280109,0.07744263904276451,67.51946523715988,202,5.313205979041787,0.8929047081195746,1.0,2.8317630175073925,1.0,5.0843034271365575,1.0,1.4984934463654156,1.0,3.451734728698738,25.0,-1.9388583093878178,12.791666666666666,1027.2291666666667,1.6291666666668334,-1.8582859495180002,0.7124370936425539,3.297610692047669,1.0,3.494481087997709,1.0,0.00020586799127671684,0.0006528909063696774,0.00034549245058215175,-0.0004470229150929605,0.054751961726922496,0.17364067962055846,0.09188601546992425,-0.11888871789363596,0.26989993897496,0.8559621857368934,0.45295235432249686,-0.5860622467619333
0.49999999999999994,-0.8660254037844387,-0.9940628435884377,-0.1088074583696784,-0.8660254037844386,0.5000000000000001,0.2163229029411861,-0.9763218740062614,-0.4970314217942188,-0.05440372918483919,0.860883675505784,0.09423002306935924,70.1856340742741,203,5.318119993844216,0.8929047081195746,1.0,2.8317630175073925,1.0,5.0843034271365575,1.0,1.4984934463654156,1.0,3.451734728698738,25.0,-1.9388583093878178,12.791666666666666,1027.2291666666667,1.6291666666668334,-1.8582859495180002,0.7124370936425539,3.297610692047669,1.0,3.494481087997709,1.0,0.00019746640678886294,0.0006262460740322244,0.00033139271610920006,-0.0004287796672433614,0.05399677431078149,0.17124567399804505,0.09061864238568088,-0.11724889968726357,0.26829816363701336,0.8508823064137067,0.4502642176998133,-0.5825841427766932
0.258819045102521,-0.9659258262890682,-0.9941406309639258,-0.10809443032204477,-0.5000000000000004,0.8660254037844384,0.2149221303280874,-0.9766311882667053,-0.257302528803701,-0.02797689723685262,0.9602661104113657,0.1044112019260672,73.02393081443238,204,5.3230099791384085,0.8929047081195746,1.0,2.8317630175073925,1.0,5.0843034271365575,1.0,1.4984934463654156,1.0,3.451734728698738,25.0,-1.9388583093878178,12.791666666666666,1027.2291666666667,1.6291666666668334,-1.8582859495180002,0.7124370936425539,3.297610692047669,1.0,3.494481087997709,1.0,0.00018940769552510146,0.0006006886317676978,0.000317868399454706,-0.00041128093624259623,0.05325200310650775,0.16888370240848058,0.08936875003043034,-0.11563169930197281,0.26670589435617437,0.8458325746535409,0.44759203436323863,-0.5791266802973665
1.2246467991473532e-16,-1.0,-0.994217906893952,-0.10738134666416255,-2.4492935982947064e-16,1.0,0.21352091543979507,-0.9769384927771819,-1.2175657773326595e-16,-1.3150422248039897e-17,0.994217906893952,0.10738134666416255,75.66467088051286,205,5.327876168789581,0.8929047081195746,1.0,2.8317630175073925,1.0,5.0843034271365575,1.0,1.4984934463654156,1.0,3.451734728698738,25.0,-1.9388583093878178,12.791666666666666,1027.2291666666667,1.6291666666668334,-1.8582859495180002,0.7124370936425539,3.297610692047669,1.0,3.494481087997709,1.0,0.00018167786464301513,0.0005761742025968894,0.0003048960175051103,-0.0003944963379538742,0.05251750444450709,0.1665543092173052,0.08813609729451849,-0.11403680477279812,0.26512307471684,0.840812811539635,0.4449357096347958,-0.575689736822795
-0.2588190451025208,-0.9659258262890683,-0.9942946713387603,-0.10666820776288817,0.5,0.8660254037844386,0.21211926115979096,-0.9772437869053067,0.25734239738642267,0.027607763675988013,0.9604149019877096,0.10303357672214176,77.74929996674864,206,5.332718793265369,0.8929047081195746,1.0,2.8317630175073925,1.0,5.0843034271365575,1.0,1.4984934463654156,1.0,3.451734728698738,25.0,-1.9388583093878178,12.791666666666666,1027.2291666666667,1.6291666666668334,-1.8582859495180002,0.7124370936425539,3.297610692047669,1.0,3.494481087997709,1.0,0.00017426349235568129,0.0005526602205892013,0.00029245304550546525,-0.00037839672823351996,0.05179313663680315,0.16425704507447328,0.08692044639388836,-0.11246390843767012,0.26354964863821667,0.8358228392170448,0.44229514939839293,-0.5722731905788281
-0.4999999999999997,-0.8660254037844388,-0.9943709242588588,-0.10595501398510122,0.8660254037844384,0.5000000000000004,0.21071717037245083,-0.977547070022834,0.4971854621294291,0.052977506992550584,0.8611504811927838,0.09175973376943315,79.00243905838991,207,5.337538079701318,0.8929047081195746,1.0,2.8317630175073925,1.0,5.0843034271365575,1.0,1.4984934463654156,1.0,3.451734728698738,25.0,-1.9388583093878178,12.791666666666666,1027.2291666666667,1.6291666666668334,-1.8582859495180002,0.7124370936425539,3.297610692047669,1.0,3.494481087997709,1.0,0.00016715170462658818,0.0005301058569527719,0.00028051787794830096,-0.0003629541523261837,0.05107875994970532,0.16199146682777177,0.08572156282421077,-0.11091270687806644,0.26198556037233395,0.8308624808863428,0.43967026009648946,-0.5688769205140088
-0.7071067811865471,-0.7071067811865479,-0.9944466656150185,-0.10524176569770953,1.0,1.1943401194869635e-15,0.20931464596304855,-0.9778483415056568,0.7031799807847303,0.07441716618889616,0.7031799807847311,0.07441716618889624,79.28613248586275,208,5.342334251964811,0.8929047081195746,1.0,2.8317630175073925,1.0,5.0843034271365575,1.0,1.4984934463654156,1.0,3.451734728698738,25.0,-1.9388583093878178,12.791666666666666,1027.2291666666667,1.6291666666668334,-1.8582859495180002,0.7124370936425539,3.297610692047669,1.0,3.494481087997709,1.0,0.00016033015281564423,0.000508471949140904,0.00026906979105863844,-0.0003481417963252598,0.05037423657685351,0.15975713743733455,0.08453921531564738,-0.10938290086048104,0.26043075450206854,0.8259315607973524,0.43706094872678036,-0.5655008062952838
-0.8660254037844385,-0.5000000000000004,-0.9945218953682734,-0.10452846326765336,0.8660254037844392,-0.4999999999999992,0.20791169081775912,-0.9781476007338057,0.8612812260087741,0.09052430460833635,0.49726094768413714,0.05226423163382673,78.62309461058034,209,5.3471075307174685,0.8929047081195746,1.0,2.8317630175073925,1.0,5.0843034271365575,1.0,1.4984934463654156,1.0,3.451734728698738,25.0,-1.9388583093878178,12.791666666666666,1027.2291666666667,1.6291666666668334,-1.8582859495180002,0.7124370936425539,3.297610692047669,1.0,3.494481087997709,1.0,0.00015378699223746303,0.0004877209328516893,0.00025808890681000476,-0.0003339339406142262,0.04967943061263463,0.15755362589133526,0.08337317578823773,-0.10787419527870064,0.25888517593918137,0.8210299042429219,0.4344671228389017,-0.5621447283037405
-0.9659258262890683,-0.25881904510252063,-0.9945966134799206,-0.10381510706189818,0.4999999999999998,-0.8660254037844388,0.20650830782363863,-0.9784448470914532,0.9607065556999014,0.10027769307005209,0.2574205457630738,0.026869326876976435,77.18366061805376,210,5.351858133476067,0.8929047081195746,1.0,2.8317630175073925,1.0,5.0843034271365575,1.0,1.4984934463654156,1.0,3.451734728698738,25.0,-1.9388583093878178,12.791666666666666,1027.2291666666667,1.6291666666668334,-1.8582859495180002,0.7124370936425539,3.297610692047669,1.0,3.494481087997709,1.0,0.00014751086159469926,0.00046781677680277377,0.00024755615840897914,-0.00032030591520807453,0.048994208025965845,0.1553805071228434,0.08222321930790162,-0.10638629909687754,0.25734876992236555,0.8161573375527346,0.4318886905311547,-0.558808567630369
-1.0,-1.8369701987210297e-16,-0.9946708199115211,-0.10310169744743537,3.6739403974420594e-16,-1.0,0.20510449986862025,-0.978740079966915,0.9946708199115211,0.10310169744743537,1.8271806537148763e-16,1.8939474564849085e-17,75.24041179081244,211,5.356586274672012,0.8929047081195746,1.0,2.8317630175073925,1.0,5.0843034271365575,1.0,1.4984934463654156,1.0,3.451734728698738,25.0,-1.9388583093878178,12.791666666666666,1027.2291666666667,1.6291666666668334,-1.8582859495180002,0.7124370936425539,3.297610692047669,1.0,3.494481087997709,1.0,0.00014149086325072088,0.00044872492016799975,0.0002374532571883327,-0.0003072340569172788,0.048318436634439424,0.15323736192782694,0.08108912404304837,-0.1049189252933875,0.255821482015306,0.8113136880871544,0.42932556044724957,-0.5554922060718483
-0.9659258262890684,0.2588190451025203,-0.9947445146248983,-0.10238823479128557,-0.49999999999999917,-0.8660254037844392,0.20370026984151499,-0.9790332987526491,0.9608494172355733,0.09889944029305166,-0.2574588253961862,-0.02650002515841318,73.10261442593531,212,5.3612921657094255,0.8929047081195746,1.0,2.8317630175073925,1.0,5.0843034271365575,1.0,1.4984934463654156,1.0,3.451734728698738,25.0,-1.9388583093878178,12.791666666666666,1027.2291666666667,1.6291666666668334,-1.8582859495180002,0.7124370936425539,3.297610692047669,1.0,3.494481087997709,1.0,0.00013571654430736237,0.0004304122125672853,0.00022776266085127353,-0.0002946956682599229,0.047651986078824114,0.15112377688428616,0.07997067122178451,-0.10347179080546204,0.2543032581047512,0.8064987842311105,0.42677764177306887,-0.5521955261263592
-0.8660254037844386,0.5000000000000001,-0.9948176975821393,-0.10167471946049932,-0.8660254037844387,-0.49999999999999983,0.20229562063200773,-0.9793245028452575,0.8615373982404777,0.08805288997544844,-0.4974088487910698,-0.05083735973024967,71.04752902152983,213,5.365976015021851,0.8929047081195746,1.0,2.8317630175073925,1.0,5.0843034271365575,1.0,1.4984934463654156,1.0,3.451734728698738,25.0,-1.9388583093878178,12.791666666666666,1027.2291666666667,1.6291666666668334,-1.8582859495180002,0.7124370936425539,3.297610692047669,1.0,3.494481087997709,1.0,0.00013017787845490705,0.0004128468565055569,0.00021846754301166557,-0.0002826689780506498,0.04699472779791835,0.1490393442725027,0.07886764508971175,-0.10204461647458433,0.2527940443985952,0.8017124553880158,0.4242448442334497,-0.5489184109894205
-0.7071067811865477,0.7071067811865474,-0.9948903687455944,-0.10096115182214896,-1.0,-4.286263797015736e-16,0.20089055513063547,-0.97961369164549,0.7034937262771948,0.0713903150898461,-0.7034937262771944,-0.07139031508984607,69.2660283515475,214,5.3706380281276624,0.8929047081195746,1.0,2.8317630175073925,1.0,5.0843034271365575,1.0,1.4984934463654156,1.0,3.451734728698738,25.0,-1.9388583093878178,12.791666666666666,1027.2291666666667,1.6291666666668334,-1.8582859495180002,0.7124370936425539,3.297610692047669,1.0,3.494481087997709,1.0,0.00012486524856278173,0.0003959983521607796,0.00020955176397732692,-0.00027113310359799786,0.046346535003750224,0.1469836619963888,0.0777798328683071,-0.10063712699263855,0.25129378742397235,0.7969545319737229,0.42172707808898535,-0.5456607445497506
-0.5000000000000004,0.8660254037844384,-0.9949625280778774,-0.10024753224333732,-0.8660254037844392,0.4999999999999991,0.19948507622879885,-0.9799008645582421,0.49748126403893916,0.0501237661216687,-0.8616628251290294,-0.08681690958942971,67.83573834249917,215,5.375278407684165,0.8929047081195746,1.0,2.8317630175073925,1.0,5.0843034271365575,1.0,1.4984934463654156,1.0,3.451734728698738,25.0,-1.9388583093878178,12.791666666666666,1027.2291666666667,1.6291666666668334,-1.8582859495180002,0.7124370936425539,3.297610692047669,1.0,3.494481087997709,1.0,0.00011976942998073226,0.0003798374444252117,0.00020099984272567455,-0.00026006801444447943,0.0457072826571195,0.14495633350592094,0.07670702471387685,-0.09924905084880141,0.24980243402536242,0.7922248454105157,0.4192242541328454,-0.5424224113851532
-0.25881904510252157,0.9659258262890681,-0.9950341755418649,-0.0995338610911939,-0.5000000000000014,0.8660254037844378,0.19807918681874928,-0.9801860209925578,0.2575337951581203,0.025761258882989833,-0.9611292081961375,-0.09614232701825279,66.727242884811,216,5.37989735354046,0.8929047081195746,1.0,2.8317630175073925,1.0,5.0843034271365575,1.0,1.4984934463654156,1.0,3.451734728698738,25.0,-1.9388583093878178,12.791666666666666,1027.2291666666667,1.6291666666668334,-1.8582859495180002,0.7124370936425539,3.297610692047669,1.0,3.494481087997709,1.0,0.00011488157452148941,0.00036433607210794086,0.00019279693002306172,-0.00024945449758645145,0.045076847443477036,0.14295696772064384,0.07564901367707681,-0.09788012027716679,0.24831993136270716,0.7875232281211362,0.4167362836876155,-0.539203296758429
0.0,1.0,-0.9951053111006974,-0.09882013873287211,0.0,1.0,0.19667288979357758,-0.9804691603616318,-0.0,-0.0,-0.9951053111006974,-0.09882013873287211,65.83984907716352,217,5.384495062789089,0.8929047081195746,1.0,2.8317630175073925,1.0,5.0843034271365575,1.0,1.4984934463654156,1.0,3.451734728698738,25.0,-1.9388583093878178,12.791666666666666,1027.2291666666667,1.6291666666668334,-1.8582859495180002,0.7124370936425539,3.297610692047669,1.0,3.494481087997709,1.0,0.0001101931950971105,0.00034946731921049187,0.0001849287826411292,-0.00023927412411338134,0.04445510774913686,0.14098517895422924,0.074605595662991,-0.09653007120509238,0.24684622690953828,0.7828495135228469,0.4142630786021548,-0.5360032866133086
0.25881904510252074,0.9659258262890683,-0.9951759347177787,-0.09810636553555348,0.49999999999999994,0.8660254037844387,0.195266188047217,-0.9807502820828087,-0.257570485132664,-0.025391795846390803,-0.9612661370452662,-0.09476347219414687,65.05542902593393,218,5.389071729816501,0.8929047081195746,1.0,2.8317630175073925,1.0,5.0843034271365575,1.0,1.4984934463654156,1.0,3.451734728698738,25.0,-1.9388583093878178,12.791666666666666,1027.2291666666667,1.6291666666668334,-1.8582859495180002,0.7124370936425539,3.297610692047669,1.0,3.494481087997709,1.0,0.00010569615098231881,0.00033520536819089773,0.0001773817386253986,-0.0002295092172085789,0.04384194363781639,0.1390405868400755,0.07357656939176078,-0.0951986432022591,0.24538126845111655,0.7782035360215303,0.41180455124847376,-0.5328222675704137
0.49999999999999994,0.8660254037844387,-0.995246046356775,-0.09739254186644829,0.8660254037844386,0.5000000000000001,0.19385908447443873,-0.9810293855775842,-0.49762302317838747,-0.04869627093322414,-0.8619083591609923,-0.08434441539548374,64.29408059314318,219,5.393627546352362,0.8929047081195746,1.0,2.8317630175073925,1.0,5.0843034271365575,1.0,1.4984934463654156,1.0,3.451734728698738,25.0,-1.9388583093878178,12.791666666666666,1027.2291666666667,1.6291666666668334,-1.8582859495180002,0.7124370936425539,3.297610692047669,1.0,3.494481087997709,1.0,0.00010138263367925576,0.0003215254551350956,0.00017014269357317095,-0.0002201428214558398,0.04323723682750019,0.13712281625793296,0.07256173635975709,-0.09388557943043277,0.2439250040825813,0.7735851310058188,0.40936061451862815,-0.5296601269232374
0.7071067811865476,0.7071067811865476,-0.9953156459816176,-0.09667866809278756,1.0,6.123233995736766e-17,0.19245158197083048,-0.9813064702716092,-0.703794442694671,-0.0683621418044936,-0.703794442694671,-0.0683621418044936,63.55505674514694,220,5.3981627015177525,0.8929047081195746,1.0,2.8317630175073925,1.0,5.0843034271365575,1.0,1.4984934463654156,1.0,3.451734728698738,25.0,-1.9388583093878178,12.791666666666666,1027.2291666666667,1.6291666666668334,-1.8582859495180002,0.7124370936425539,3.297610692047669,1.0,3.494481087997709,1.0,9.724515335910003e-05,0.0003084038267578011,0.00016319907787953642,-0.00021115867339870106,0.04264087066762283,0.13523149726154185,0.07156090080128823,-0.09259062659391903,0.2424773822071119,0.768994134841265,0.4069311818216335,-0.5265167526341531
0.8660254037844386,0.5000000000000001,-0.9953847335564997,-0.09596474458183156,0.8660254037844387,-0.4999999999999998,0.19104368343280792,-0.9815815355946876,-0.8620284657991335,-0.0831079066755512,-0.49769236677824996,-0.047982372290915794,62.930666559654746,221,5.402677381872279,0.8929047081195746,1.0,2.8317630175073925,1.0,5.0843034271365575,1.0,1.4984934463654156,1.0,3.451734728698738,25.0,-1.9388583093878178,12.791666666666666,1027.2291666666667,1.6291666666668334,-1.8582859495180002,0.7124370936425539,3.297610692047669,1.0,3.494481087997709,1.0,9.32765258570101e-05,0.0002958176991581961,0.00015653883491198456,-0.000202541173301186,0.042052730116566545,0.133366265007268,0.07057386965083587,-0.09131353489070146,0.24103835153409925,0.7644303848645426,0.404516167080397,-0.5233920333304434
0.9659258262890683,0.25881904510252074,-0.9954533090458787,-0.09525077170086531,0.49999999999999994,-0.8660254037844387,0.1896353917575998,-0.9818545809807793,-0.9615340600723277,-0.09200518035982973,-0.2576422748913988,-0.024652713776896165,62.58848992524871,222,5.407171771460119,0.8929047081195746,1.0,2.8317630175073925,1.0,5.0843034271365575,1.0,1.4984934463654156,1.0,3.451734728698738,25.0,-1.9388583093878178,12.791666666666666,1027.2291666666667,1.6291666666668334,-1.8582859495180002,0.7124370936425539,3.297610692047669,1.0,3.494481087997709,1.0,8.94698601978119e-05,0.00028374521825882417,0.00015015040007572333,-0.00019427535806101226,0.04147270171946913,0.1315267596837228,0.06960045250581179,-0.09005405796425366,0.23960786107732865,0.7598937193776834,0.4021154847286673,-0.5202858583003547
1.0,6.123233995736766e-17,-0.9955213724144751,-0.09453674981720006,1.2246467991473532e-16,-1.0,0.1882267098432458,-0.9821256058680002,-0.9955213724144751,-0.09453674981720006,-6.095810311050836e-17,-5.7887064032714094e-18,62.7261986050657,223,5.4116460518550396,0.8929047081195746,1.0,2.8317630175073925,1.0,5.0843034271365575,1.0,1.4984934463654156,1.0,3.451734728698738,25.0,-1.9388583093878178,12.791666666666666,1027.2291666666667,1.6291666666668334,-1.8582859495180002,0.7124370936425539,3.297610692047669,1.0,3.494481087997709,1.0,8.581854663076974e-05,0.00027216542185899565,0.00014402268073335304,-0.00018634687522822588,0.04090067358633811,0.12971262644235423,0.06864046158982853,-0.0888119528560161,0.2381858601531735,0.7553839776423484,0.3997290497080036,-0.5171981174891749
0.9659258262890683,-0.25881904510252063,-0.9955889236272735,-0.0938226792981688,-0.4999999999999997,-0.8660254037844388,0.1868176405885815,-0.9823946096986259,-0.9616650536989183,-0.09062574902573796,0.2576773745278573,0.02428309626491208,63.511108936487034,224,5.41610040220442,0.8929047081195746,1.0,2.8317630175073925,1.0,5.0843034271365575,1.0,1.4984934463654156,1.0,3.451734728698738,25.0,-1.9388583093878178,12.791666666666666,1027.2291666666667,1.6291666666668334,-1.8582859495180002,0.7124370936425539,3.297610692047669,1.0,3.494481087997709,1.0,8.231624515266334e-05,0.00026105820323680975,0.00013814503694402772,-0.00017874195808414642,0.04033653537046655,0.12792351532899482,0.06769371171647633,-0.08758697995852825,0.23677229837879923,0.7509009998741327,0.3973567774647612,-0.5141287014953335
0.8660254037844387,-0.4999999999999998,-0.9956559626495209,-0.09310856051113568,-0.8660254037844385,-0.5000000000000004,0.18540818689325192,-0.9826615919190884,-0.8622633570839354,-0.08063437871244412,0.49782798132476025,0.04655428025556782,65.02117369061605,225,5.420534999272286,0.8929047081195746,1.0,2.8317630175073925,1.0,5.0843034271365575,1.0,1.4984934463654156,1.0,3.451734728698738,25.0,-1.9388583093878178,12.791666666666666,1027.2291666666667,1.6291666666668334,-1.8582859495180002,0.7124370936425539,3.297610692047669,1.0,3.494481087997709,1.0,7.895687449924577e-05,0.0002504042762366023,0.0001325072629886636,-0.00017144740173735652,0.03978017824714682,0.12615908121635416,0.06676002025359998,-0.08637890296920733,0.2353671256703782,0.7464446272369033,0.39499858394709586,-0.5110775015665251
0.7071067811865476,-0.7071067811865475,-0.9957224894467288,-0.0923943938234835,-1.0,-1.8369701987210297e-16,0.18399835165768091,-0.982926551979982,-0.7040821244677324,-0.06533270241620565,0.7040821244677323,0.06533270241620563,67.20419123485534,226,5.424950017481403,0.8929047081195746,1.0,2.8317630175073925,1.0,5.0843034271365575,1.0,1.4984934463654156,1.0,3.451734728698738,25.0,-1.9388583093878178,12.791666666666666,1027.2291666666667,1.6291666666668334,-1.8582859495180002,0.7124370936425539,3.297610692047669,1.0,3.494481087997709,1.0,7.573460158596596e-05,0.00024018514178119336,0.00012709956964911413,-0.0001644505401952274,0.03923149489267772,0.1244189837374422,0.06583920708806829,-0.08518748884476447,0.23397029224131552,0.742014701837173,0.3926543856019862,-0.5080444095958574
0.49999999999999994,-0.8660254037844387,-0.9957885039846719,-0.09168017960262237,-0.8660254037844386,0.5000000000000001,0.18258813778308272,-0.9831894893360618,-0.4978942519923359,-0.04584008980131118,0.8623781412472277,0.07939736455939089,69.86751911324501,227,5.429345628954441,0.8929047081195746,1.0,2.8317630175073925,1.0,5.0843034271365575,1.0,1.4984934463654156,1.0,3.451734728698738,25.0,-1.9388583093878178,12.791666666666666,1027.2291666666667,1.6291666666668334,-1.8582859495180002,0.7124370936425539,3.297610692047669,1.0,3.494481087997709,1.0,7.26438313796196e-05,0.00023038305575078438,0.00012191256721053895,-0.00015773922437116477,0.03869037946366137,0.12270288721991107,0.06493109459102944,-0.0840125077562497,0.23258174860048464,0.7376110667185043,0.39032409937227264,-0.5050293181180197
0.258819045102521,-0.9659258262890682,-0.995854006229388,-0.09096591821598951,-0.5000000000000004,0.8660254037844384,0.181177548171456,-0.9834504034462438,-0.25774598295381024,-0.023543712089536428,0.9619211038304005,0.08786632971692347,72.70270325571256,228,5.43372200355424,0.8929047081195746,1.0,2.8317630175073925,1.0,5.0843034271365575,1.0,1.4984934463654156,1.0,3.451734728698738,25.0,-1.9388583093878178,12.791666666666666,1027.2291666666667,1.6291666666668334,-1.8582859495180002,0.7124370936425539,3.297610692047669,1.0,3.494481087997709,1.0,6.967919718334502e-05,0.00022098099817273892,0.00011693724915745805,-0.0001513018009893939,0.03815672757658551,0.12101046062130243,0.06403550758364564,-0.08285373304471691,0.23120144555047423,0.7332335658559501,0.38800764269371535,-0.5020321203054758
1.2246467991473532e-16,-1.0,-0.995918996147179,-0.09025161003104107,-2.4492935982947064e-16,1.0,0.1797665857255622,-0.9837092937736098,-1.219649010841688e-16,-1.105263453424096e-17,0.995918996147179,0.09025161003104107,75.34026330813286,229,5.438079308923196,0.8929047081195746,1.0,2.8317630175073925,1.0,5.0843034271365575,1.0,1.4984934463654156,1.0,3.451734728698738,25.0,-1.9388583093878178,12.791666666666666,1027.2291666666667,1.6291666666668334,-1.8582859495180002,0.7124370936425539,3.297610692047669,1.0,3.494481087997709,1.0,6.683555131809334e-05,0.00021196264366874507,0.00011216497653517829,-0.00014512709235065172,0.037630436287687474,0.11934137746518789,0.06315227330330035,-0.08171094117750041,0.2298293341858447,0.7288820441505239,0.38570493349206836,-0.49905270996467926
-0.2588190451025208,-0.9659258262890683,-0.9959834737046104,-0.08953725541526084,0.5,0.8660254037844386,0.17835525334893684,-0.9839661597854047,0.2577794916021189,0.02317394694767832,0.9620461598083824,0.08648634742064118,77.4218537371196,230,5.442417710521793,0.8929047081195746,1.0,2.8317630175073925,1.0,5.0843034271365575,1.0,1.4984934463654156,1.0,3.451734728698738,25.0,-1.9388583093878178,12.791666666666666,1027.2291666666667,1.6291666666668334,-1.8582859495180002,0.7124370936425539,3.297610692047669,1.0,3.494481087997709,1.0,6.410795618439195e-05,0.0002033123331080414,0.00010758746294943695,-0.00013920437692364944,0.037111404073095905,0.11769531577819034,0.06228122137027164,-0.08058391170509442,0.22846536589139563,0.7245563474237057,0.38341589018017175,-0.49609098153231
-0.4999999999999997,-0.8660254037844388,-0.9960474388685108,-0.08882285473615649,0.8660254037844384,0.5000000000000004,0.17694355394587688,-0.9842210009530393,0.4980237194342551,0.04441142736807822,0.8626023854345581,0.07692284863816648,78.67229454434467,231,5.44673737166631,0.8929047081195746,1.0,2.8317630175073925,1.0,5.0843034271365575,1.0,1.4984934463654156,1.0,3.451734728698738,25.0,-1.9388583093878178,12.791666666666666,1027.2291666666667,1.6291666666668334,-1.8582859495180002,0.7124370936425539,3.297610692047669,1.0,3.494481087997709,1.0,6.149167568888325e-05,0.00019501504641749424,0.0001031967601782198,-0.00013352337072861098,0.03659953080924633,0.11607195802787379,0.06142218375486514,-0.07947242721862746,0.22710949234044325,0.7202563224119782,0.38114043165506084,-0.493146830071535
-0.7071067811865471,-0.7071067811865479,-0.9961108916059728,-0.08810840836125673,1.0,1.1943401194869635e-15,0.17553149042142918,-0.984473816752092,0.704356766268361,0.0623020530317981,0.7043567662683617,0.06230205303179817,78.95380568954288,232,5.4510384535657,0.8929047081195746,1.0,2.8317630175073925,1.0,5.0843034271365575,1.0,1.4984934463654156,1.0,3.451734728698738,25.0,-1.9388583093878178,12.791666666666666,1027.2291666666667,1.6291666666668334,-1.8582859495180002,0.7124370936425539,3.297610692047669,1.0,3.494481087997709,1.0,5.8982167020751144e-05,0.00018705637650130982,9.898524437076864e-05,-0.00012807420948055865,0.03609471775356696,0.1144709910614903,0.060574994745000575,-0.07837627330792332,0.22576166549310836,0.7159818167613983,0.3788784772950932,-0.49022015126828994
-0.8660254037844385,-0.5000000000000004,-0.9961738318843526,-0.08739391665811555,0.8660254037844392,-0.4999999999999992,0.17411906568139346,-0.9847246066623087,0.8627118449971378,0.07568535196214808,0.49808691594217674,0.04369695832905782,78.28924175299633,233,5.455321115357702,0.8929047081195746,1.0,2.8317630175073925,1.0,5.0843034271365575,1.0,1.4984934463654156,1.0,3.451734728698738,25.0,-1.9388583093878178,12.791666666666666,1027.2291666666667,1.6291666666668334,-1.8582859495180002,0.7124370936425539,3.297610692047669,1.0,3.494481087997709,1.0,5.657507276375484e-05,0.00017942250422509401,9.494560280981302e-05,-0.00012284743146133916,0.03559686752543071,0.11289210604557094,0.059739490914244894,-0.07729523852014022,0.22442183759461382,0.711732679022197,0.3766299469570913,-0.4873108414275831
-0.9659258262890683,-0.25881904510252063,-0.9962362596712697,-0.08667937999431292,0.4999999999999998,-0.8660254037844388,0.172706282632318,-0.984973370167603,0.962290332302102,0.08372585174323086,0.2578449174246248,0.0224342743602066,76.84903313625301,234,5.459585514144159,0.8929047081195746,1.0,2.8317630175073925,1.0,5.0843034271365575,1.0,1.4984934463654156,1.0,3.451734728698738,25.0,-1.9388583093878178,12.791666666666666,1027.2291666666667,1.6291666666668334,-1.8582859495180002,0.7124370936425539,3.297610692047669,1.0,3.494481087997709,1.0,5.426621333017594e-05,0.00017210017442082978,9.107082121404431e-05,-0.00011783396109065385,0.03510588408737017,0.11133499840635096,0.05891551109028684,-0.07622911431898079,0.22308996117359295,0.7075087586434146,0.37439476097350355,-0.4844187974698216
-1.0,-1.8369701987210297e-16,-0.9962981749346078,-0.08596479873744664,3.6739403974420594e-16,-1.0,0.17129314418147792,-0.9852201067560605,0.9962981749346078,0.08596479873744664,1.8301700563950258e-16,1.5791477341974067e-17,74.90580482981645,235,5.4638318050256105,0.8929047081195746,1.0,2.8317630175073925,1.0,5.0843034271365575,1.0,1.4984934463654156,1.0,3.451734728698738,25.0,-1.9388583093878178,12.791666666666666,1027.2291666666667,1.6291666666668334,-1.8582859495180002,0.7124370936425539,3.297610692047669,1.0,3.494481087997709,1.0,5.205157970354016e-05,0.0001650766728711038,8.73541715587826e-05,-0.00011302509316756364,0.034621672726551464,0.10979936777101588,0.058102896323846,-0.07517769504446442,0.22176598904040737,0.7033099059675664,0.37217284014958135,-0.481543916927159
-0.9659258262890684,0.2588190451025203,-0.9963595776425138,-0.08525017325514095,-0.49999999999999917,-0.8660254037844392,0.16987965323688672,-0.985464815919937,0.9624094483153723,0.08234534404275826,-0.25787683446418586,-0.022064368436719994,72.76881235706166,236,5.4680601411351315,0.8929047081195746,1.0,2.8317630175073925,1.0,5.0843034271365575,1.0,1.4984934463654156,1.0,3.451734728698738,25.0,-1.9388583093878178,12.791666666666666,1027.2291666666667,1.6291666666668334,-1.8582859495180002,0.7124370936425539,3.297610692047669,1.0,3.494481087997709,1.0,4.992732647751175e-05,0.00015833980423261696,8.378920039368725e-05,-0.00010841247775510519,0.034144140036503796,0.10828491790975846,0.057301489858010854,-0.07414077787325465,0.22044987428547508,0.69913597222534,0.3699641057605733,-0.4786860979398649
-0.8660254037844386,0.5000000000000001,-0.9964204677633984,-0.08453550391504289,-0.8660254037844387,-0.49999999999999983,0.16846581270728328,-0.9857074971556595,0.8629254379338763,0.07320989391214601,-0.4982102338816993,-0.04226775195752145,70.71525172102591,237,5.472270673671475,0.8929047081195746,1.0,2.8317630175073925,1.0,5.0843034271365575,1.0,1.4984934463654156,1.0,3.451734728698738,25.0,-1.9388583093878178,12.791666666666666,1027.2291666666667,1.6291666666668334,-1.8582859495180002,0.7124370936425539,3.297610692047669,1.0,3.494481087997709,1.0,4.7889765178875145e-05,0.0001518778708606509,8.036971763722956e-05,-0.00010398810568177574,0.03367319389910093,0.10679135667863456,0.056511137097999646,-0.07311816277953362,0.2191415702776084,0.6949868095303244,0.3677684795489359,-0.475845239252716
-0.7071067811865477,0.7071067811865474,-0.9964808452659365,-0.08382079108481849,-1.0,-4.286263797015736e-16,0.1670516255021188,-0.9859481499638304,0.7046183630100467,0.059270249780496075,-0.7046183630100463,-0.05927024978049605,68.93588191986986,238,5.476463551931511,0.8929047081195746,1.0,2.8317630175073925,1.0,5.0843034271365575,1.0,1.4984934463654156,1.0,3.451734728698738,25.0,-1.9388583093878178,12.791666666666666,1027.2291666666667,1.6291666666668334,-1.8582859495180002,0.7124370936425539,3.297610692047669,1.0,3.494481087997709,1.0,4.593535786300939e-05,0.00014567965249771963,7.7089785828469e-05,-9.974429463471022e-05,0.03320874346679116,0.10531839596320736,0.0557316855813384,-0.07210965249641618,0.21784103066236174,0.6908622708737698,0.3655858837215604,-0.47302124021140807
-0.5000000000000004,0.8660254037844384,-0.9965407101190658,-0.08310603513216147,-0.8660254037844392,0.4999999999999991,0.16563709453156847,-0.9861867738492239,0.4982703550595333,0.04155301756608077,-0.8630295708684949,-0.07197193763225386,67.50817363884651,239,5.480638923341991,0.8929047081195746,1.0,2.8317630175073925,1.0,5.0843034271365575,1.0,1.4984934463654156,1.0,3.451734728698738,25.0,-1.9388583093878178,12.791666666666666,1027.2291666666667,1.6291666666668334,-1.8582859495180002,0.7124370936425539,3.297610692047669,1.0,3.494481087997709,1.0,4.406071097073398e-05,0.00013973438679113566,7.394370981746896e-05,-9.567367582040168e-05,0.032750699145072476,0.10386575162296884,0.054962984948450234,-0.07111505247789636,0.21654820936038946,0.6867622101193801,0.3634162409470174,-0.4702140007589906
-0.25881904510252157,0.9659258262890681,-0.9966000622919884,-0.08239123642478512,-0.5000000000000014,0.8660254037844378,0.16422222270650957,-0.9864233683207904,0.257939076471526,0.021324421136278977,-0.9626417386491256,-0.07958382312258853,66.40252471470752,240,5.484796933490655,0.8929047081195746,1.0,2.8317630175073925,1.0,5.0843034271365575,1.0,1.4984934463654156,1.0,3.451734728698738,25.0,-1.9388583093878178,12.791666666666666,1027.2291666666667,1.6291666666668334,-1.8582859495180002,0.7124370936425539,3.297610692047669,1.0,3.494481087997709,1.0,4.226256943586093e-05,0.00013403175060566758,7.092602687645361e-05,-9.176918116980666e-05,0.032298972575209355,0.10243314343652779,0.054204886913650344,-0.07013417086131843,0.21526306056581282,0.6826864819981336,0.3612594743528159,-0.46742342143232074
0.0,1.0,-0.99665890175417,-0.08167639533042288,0.0,1.0,0.16280701293851738,-0.9866579328916569,-0.0,-0.0,-0.99665890175417,-0.08167639533042288,65.51803813986443,241,5.488937726156687,0.8929047081195746,1.0,2.8317630175073925,1.0,5.0843034271365575,1.0,1.4984934463654156,1.0,3.451734728698738,25.0,-1.9388583093878178,12.791666666666666,1027.2291666666667,1.6291666666668334,-1.8582859495180002,0.7124370936425539,3.297610692047669,1.0,3.494481087997709,1.0,4.053781103322073e-05,0.00012856184209883778,6.803149721453373e-05,-8.802403106561706e-05,0.03185347661718804,0.10102029504755408,0.05345724523654115,-0.06916681843036604,0.21398553874459733,0.6786349421031371,0.3591155075226804,-0.4646494033585397
0.25881904510252074,0.9659258262890683,-0.9967172284753403,-0.08096151221683272,0.49999999999999994,0.8660254037844387,0.16139146813986782,-0.9868904670791273,-0.25796940131121854,-0.02095438128201671,-0.9627549124915932,-0.07820281558565664,64.73637785334795,242,5.493061443340548,0.8929047081195746,1.0,2.8317630175073925,1.0,5.0843034271365575,1.0,1.4984934463654156,1.0,3.451734728698738,25.0,-1.9388583093878178,12.791666666666666,1027.2291666666667,1.6291666666668334,-1.8582859495180002,0.7124370936425539,3.297610692047669,1.0,3.494481087997709,1.0,3.888344095734784e-05,0.000123315163527735,6.525509487953049e-05,-8.443172257038718e-05,0.03141412533290677,0.09962693391146803,0.052719915693801696,-0.06821280857856125,0.21271559863293943,0.674607446884509,0.356984264493843,-0.4618918482515696
0.49999999999999994,0.8660254037844387,-0.9967750424254921,-0.08024658745179418,0.8660254037844386,0.5000000000000001,0.15997559122352623,-0.987120970404683,-0.498387521212746,-0.04012329372589708,-0.8632325085987879,-0.06949558330026333,63.9774437528518,243,5.497168225293202,0.8929047081195746,1.0,2.8317630175073925,1.0,5.0843034271365575,1.0,1.4984934463654156,1.0,3.451734728698738,25.0,-1.9388583093878178,12.791666666666666,1027.2291666666667,1.6291666666668334,-1.8582859495180002,0.7124370936425539,3.297610692047669,1.0,3.494481087997709,1.0,3.729658662241365e-05,0.00011828260475749261,6.259199903110208e-05,-8.098601813507896e-05,0.03098083396959801,0.09825279124286558,0.05199275605136651,-0.06727195727326757,0.21145319523566258,0.6706038536442933,0.3548656697543521,-0.45915065840863073
0.7071067811865476,0.7071067811865476,-0.9968323435748828,-0.07953162140310474,1.0,6.123233995736766e-17,0.15855938510313441,-0.9873494423939865,-0.704866909847878,-0.05623734881289653,-0.704866909847878,-0.05623734881289653,63.24031460269301,244,5.501258210544727,0.8929047081195746,1.0,2.8317630175073925,1.0,5.0843034271365575,1.0,1.4984934463654156,1.0,3.451734728698738,25.0,-1.9388583093878178,12.791666666666666,1027.2291666666667,1.6291666666668334,-1.8582859495180002,0.7124370936425539,3.297610692047669,1.0,3.494481087997709,1.0,3.577449267437693e-05,0.00011345542744279418,6.003758557001855e-05,-7.768093476841725e-05,0.030553518943479227,0.09689760196366837,0.051275626036987966,-0.06634408302018913,0.21019828382462324,0.6666240205314039,0.352759648240397,-0.4564257367067806
0.8660254037844386,0.5000000000000001,-0.996889131894033,-0.07881661443858837,0.8660254037844387,-0.4999999999999998,0.15714285269302214,-0.9875758825768778,-0.8633313129768484,-0.06825719034410091,-0.49844456594701664,-0.03940830721929419,62.617160966548134,245,5.5053315359323625,0.8929047081195746,1.0,2.8317630175073925,1.0,5.0843034271365575,1.0,1.4984934463654156,1.0,3.451734728698738,25.0,-1.9388583093878178,12.791666666666666,1027.2291666666667,1.6291666666668334,-1.8582859495180002,0.7124370936425539,3.297610692047669,1.0,3.494481087997709,1.0,3.431451620669047e-05,0.00010882524985493903,5.758741910904955e-05,-7.451073364824856e-05,0.03013209782362928,0.09556110465198903,0.05056838731317719,-0.06542900682835974,0.20895081993712591,0.6626678065365977,0.3506661253336481,-0.4537169865994718
0.9659258262890683,0.25881904510252074,-0.9969454073537276,-0.07810156692608747,0.49999999999999994,-0.8660254037844387,0.15572599690818537,-0.9878002904873797,-0.9629753163632412,-0.07544032056755201,-0.2580284583506353,-0.020214172972820573,62.27546938270608,246,5.5093883366279774,0.8929047081195746,1.0,2.8317630175073925,1.0,5.0843034271365575,1.0,1.4984934463654156,1.0,3.451734728698738,25.0,-1.9388583093878178,12.791666666666666,1027.2291666666667,1.6291666666668334,-1.8582859495180002,0.7124370936425539,3.297610692047669,1.0,3.494481087997709,1.0,3.2914122171258106e-05,0.00010438403232812516,5.523724527152558e-05,-7.146991015686704e-05,0.029716489316087065,0.09424304149170175,0.04987090345051811,-0.06452655217561468,0.207710759374348,0.6587350714874802,0.3485850268586134,-0.45102431211313215
1.0,6.123233995736766e-17,-0.9970011699250151,-0.07738647923346352,1.2246467991473532e-16,-1.0,0.154308820664282,-0.9880226656636975,-0.9970011699250151,-0.07738647923346352,-6.104871457474181e-17,-4.738555204527211e-18,62.41286980525844,247,5.5134287461649825,0.8929047081195746,1.0,2.8317630175073925,1.0,5.0843034271365575,1.0,1.4984934463654156,1.0,3.451734728698738,25.0,-1.9388583093878178,12.791666666666666,1027.2291666666667,1.6291666666668334,-1.8582859495180002,0.7124370936425539,3.297610692047669,1.0,3.494481087997709,1.0,3.157087897667293e-05,0.00010012406329967716,5.2982983304198965e-05,-6.855318432300423e-05,0.029306613248169616,0.09294315822270843,0.04918303990134969,-0.06363654497453881,0.20647805819977355,0.6548256760435373,0.3465162790800102,-0.4483476178437637
0.9659258262890683,-0.25881904510252063,-0.9970564195792078,-0.07667135172860133,-0.4999999999999997,-0.8660254037844388,0.15289132687763468,-0.9882430076482182,-0.9630825459388662,-0.07405883877114902,0.2580571904288287,0.01984400604111609,63.19669114736319,248,5.517452896464707,0.8929047081195746,1.0,2.8317630175073925,1.0,5.0843034271365575,1.0,1.4984934463654156,1.0,3.451734728698738,25.0,-1.9388583093878178,12.791666666666666,1027.2291666666667,1.6291666666668334,-1.8582859495180002,0.7124370936425539,3.297610692047669,1.0,3.494481087997709,1.0,3.0282454266093236e-05,9.603794591997839e-05,5.082071899157717e-05,-6.575549165388515e-05,0.02890239055300642,0.09166120409189091,0.04850466397381107,-0.06275881353888449,0.20525267273763675,0.6509394816911994,0.3444598087001524,-0.4456868089535626
0.8660254037844387,-0.4999999999999998,-0.9971111562878818,-0.07595618477940619,-0.8660254037844385,-0.5000000000000004,0.15147351846521945,-0.9884613159875134,-0.8635235917421814,-0.06577998559351068,0.4985555781439407,0.03797809238970308,64.70495225695618,249,5.521460917862246,0.8929047081195746,1.0,2.8317630175073925,1.0,5.0843034271365575,1.0,1.4984934463654156,1.0,3.451734728698738,25.0,-1.9388583093878178,12.791666666666666,1027.2291666666667,1.6291666666668334,-1.8582859495180002,0.7124370936425539,3.297610692047669,1.0,3.494481087997709,1.0,2.9046610867426243e-05,9.211858520886074e-05,4.874669785942692e-05,-6.307197434143449e-05,0.028503743254287044,0.09039693180473934,0.04783564480624469,-0.06189318855045229,0.20403455957137448,0.6470763507389339,0.3424155428563542,-0.44304179116755943
0.7071067811865476,-0.7071067811865475,-0.9971653800228778,-0.07524097875380015,-1.0,-1.8369701987210297e-16,0.15005539834465279,-0.9886775902323404,-0.7051024021786376,-0.05320340629992504,0.7051024021786375,0.053203406299925024,66.88556653027541,250,5.5254529391317835,0.8929047081195746,1.0,2.8317630175073925,1.0,5.0843034271365575,1.0,1.4984934463654156,1.0,3.451734728698738,25.0,-1.9388583093878178,12.791666666666666,1027.2291666666667,1.6291666666668334,-1.8582859495180002,0.7124370936425539,3.297610692047669,1.0,3.494481087997709,1.0,2.7861202908786984e-05,8.835917573614906e-05,4.675731865564691e-05,-6.049797282736207e-05,0.02811059445121928,0.08915009747764842,0.04717585334195268,-0.061039503026429125,0.20282367554208777,0.6432361463123657,0.3403834091183477,-0.44041247077027784
0.49999999999999994,-0.8660254037844387,-0.9972190907562993,-0.07452573401973066,-0.8660254037844386,0.5000000000000001,0.1486369694342032,-0.9888918299376407,-0.4986095453781496,-0.03726286700986532,0.863617065733775,0.06454117889676893,69.54604759101602,251,5.529429087511423,0.8929047081195746,1.0,2.8317630175073925,1.0,5.0843034271365575,1.0,1.4984934463654156,1.0,3.451734728698738,25.0,-1.9388583093878178,12.791666666666666,1027.2291666666667,1.6291666666668334,-1.8582859495180002,0.7124370936425539,3.297610692047669,1.0,3.494481087997709,1.0,2.6724172092486946e-05,8.47531898049678e-05,4.484912709718897e-05,-5.802901771248085e-05,0.0277228683036945,0.08792046059087073,0.046525162304300996,-0.06019759228717623,0.2016199777470129,0.6394187323494281,0.3383633354857169,-0.43779875460241524
0.258819045102521,-0.9659258262890682,-0.9972722884605145,-0.07381045094516242,-0.5000000000000004,0.8660254037844384,0.14721823465276934,-0.9891040346625436,-0.25811306140655627,-0.019103550432213408,0.9632910592664125,0.07129542081797474,72.37812778897133,252,5.53338948872752,0.8929047081195746,1.0,2.8317630175073925,1.0,5.0843034271365575,1.0,1.4984934463654156,1.0,3.451734728698738,25.0,-1.9388583093878178,12.791666666666666,1027.2291666666667,1.6291666666668334,-1.8582859495180002,0.7124370936425539,3.297610692047669,1.0,3.494481087997709,1.0,2.5633544121083704e-05,8.129436611729472e-05,4.301880987217138e-05,-5.566082199621101e-05,0.027340490017657856,0.08670778394211974,0.04588344617216743,-0.05936729392446188,0.20042342353800108,0.6356239735955426,0.3363552503853469,-0.43520055005754144
1.2246467991473532e-16,-1.0,-0.9973249731081556,-0.07309512989807723,-2.4492935982947064e-16,1.0,0.14579919691987403,-0.9893142039703664,-1.2213708360266229e-16,-8.951571686294028e-18,0.9973249731081556,0.07309512989807723,75.01253074503744,253,5.537334267018537,0.8929047081195746,1.0,2.8317630175073925,1.0,5.0843034271365575,1.0,1.4984934463654156,1.0,3.451734728698738,25.0,-1.9388583093878178,12.791666666666666,1027.2291666666667,1.6291666666668334,-1.8582859495180002,0.7124370936425539,3.297610692047669,1.0,3.494481087997709,1.0,2.4587425269285434e-05,7.79766989020795e-05,4.1263188886769325e-05,-5.338927363279405e-05,0.02696338583068018,0.08551183360081235,0.04525058115572792,-0.05854844777013216,0.19923397052000766,0.6318517355988253,0.3343590826688877,-0.43261776507881766
-0.2588190451025208,-0.9659258262890683,-0.997377144672118,-0.07237977124648172,0.5,0.8660254037844386,0.14437985915567403,-0.989522337428614,0.25814020019111633,0.01873326327875329,0.9633923425892472,0.0699134903478716,77.0911184733187,254,5.541263545158426,0.8929047081195746,1.0,2.8317630175073925,1.0,5.0843034271365575,1.0,1.4984934463654156,1.0,3.451734728698738,25.0,-1.9388583093878178,12.791666666666666,1027.2291666666667,1.6291666666668334,-1.8582859495180002,0.7124370936425539,3.297610692047669,1.0,3.494481087997709,1.0,2.3583999095757417e-05,7.47944274870484e-05,3.957921574689212e-05,-5.121042839129098e-05,0.026591482997728868,0.08433237886294269,0.04462644517257702,-0.05774089586521381,0.19805157654958983,0.6281018847053249,0.33237476161023355,-0.43005030815573503
-0.4999999999999997,-0.8660254037844388,-0.9974288031255617,-0.07166437535839922,0.8660254037844384,0.5000000000000004,0.14296022428093824,-0.989728434608981,0.4987144015627806,0.03583218767919959,0.8637986819730441,0.06206316960671727,78.33890787365317,255,5.545177444479562,0.8929047081195746,1.0,2.8317630175073925,1.0,5.0843034271365575,1.0,1.4984934463654156,1.0,3.451734728698738,25.0,-1.9388583093878178,12.791666666666666,1027.2291666666667,1.6291666666668334,-1.8582859495180002,0.7124370936425539,3.297610692047669,1.0,3.494481087997709,1.0,2.2621523289121933e-05,7.174202629609066e-05,3.796396646506685e-05,-4.912050300696873e-05,0.026224709777135057,0.08316919220657829,0.044010917824177646,-0.05694448242944323,0.19687619973341344,0.6243742880542855,0.33040221690301685,-0.427498088320872
-0.7071067811865471,-0.7071067811865479,-0.9974799484419106,-0.07094894260187042,1.0,1.1943401194869635e-15,0.14154029521704353,-0.989932495087353,0.7053248356408823,0.050168478431797676,0.7053248356408831,0.05016847843179773,78.61829166823719,256,5.54907608489522,0.8929047081195746,1.0,2.8317630175073925,1.0,5.0843034271365575,1.0,1.4984934463654156,1.0,3.451734728698738,25.0,-1.9388583093878178,12.791666666666666,1027.2291666666667,1.6291666666668334,-1.8582859495180002,0.7124370936425539,3.297610692047669,1.0,3.494481087997709,1.0,2.1698326642674607e-05,6.881419525485677e-05,3.6414636383337026e-05,-4.711586861218215e-05,0.025862995416754353,0.08202204924797017,0.043403880372635664,-0.056159053831215805,0.19570779842676886,0.6206688135734405,0.32844137865811734,-0.42496101514667156
-0.8660254037844385,-0.5000000000000004,-0.9975305805948523,-0.07023347334495765,0.8660254037844392,-0.4999999999999992,0.14012007488597736,-0.9901345184438063,0.8638868238469823,0.06082397211275055,0.4987652902974266,0.03511673667247885,77.95226123688606,257,5.552959584921617,0.8929047081195746,1.0,2.8317630175073925,1.0,5.0843034271365575,1.0,1.4984934463654156,1.0,3.451734728698738,25.0,-1.9388583093878178,12.791666666666666,1027.2291666666667,1.6291666666668334,-1.8582859495180002,0.7124370936425539,3.297610692047669,1.0,3.494481087997709,1.0,2.081280615256382e-05,6.600585058790834e-05,3.492853530335974e-05,-4.5193044435344516e-05,0.02550627014031843,0.08089072869826816,0.04280521571779488,-0.055384458557949726,0.1945463312320952,0.6169853299743323,0.32649217740118563,-0.42243899874223706
-0.9659258262890683,-0.25881904510252063,-0.9975806995583387,-0.06951796795574201,0.4999999999999998,-0.8660254037844388,0.13869956621032659,-0.9903345042626088,0.9635889615109151,0.06714920063958708,0.25819288407239377,0.017992574083772774,76.51133845937842,258,5.556828061699537,0.8929047081195746,1.0,2.8317630175073925,1.0,5.0843034271365575,1.0,1.4984934463654156,1.0,3.451734728698738,25.0,-1.9388583093878178,12.791666666666666,1027.2291666666667,1.6291666666668334,-1.8582859495180002,0.7124370936425539,3.297610692047669,1.0,3.494481087997709,1.0,1.9963424234395394e-05,6.331211599144261e-05,3.350308281524695e-05,-4.334869175704721e-05,0.025154465133974874,0.07977501232083337,0.04221480837464783,-0.05462054718685849,0.19339175699751385,0.6133237067476615,0.324554544070182,-0.4199319497501475
-1.0,-1.8369701987210297e-16,-0.9976303053065857,-0.0688024268023197,3.6739403974420594e-16,-1.0,0.13727877211326442,-0.9905324521322229,0.9976303053065857,0.0688024268023197,1.8326171401891603e-16,1.2638800763554632e-17,74.56818823383276,259,5.560681631015528,0.8929047081195746,1.0,2.8317630175073925,1.0,5.0843034271365575,1.0,1.4984934463654156,1.0,3.451734728698738,25.0,-1.9388583093878178,12.791666666666666,1027.2291666666667,1.6291666666668334,-1.8582859495180002,0.7124370936425539,3.297610692047669,1.0,3.494481087997709,1.0,1.9148706053429142e-05,6.072831416626266e-05,3.213580381703924e-05,-4.1579608112833516e-05,0.02480751253301273,0.07867468488913948,0.04163254445105837,-0.053867172356126744,0.1922440348153701,0.6096838141586617,0.32262841001292913,-0.4174397793432915
-0.9659258262890684,0.2588190451025203,-0.997679397814073,-0.06808685025281053,-0.49999999999999917,-0.8660254037844392,0.13585769551856194,-0.9907283616453028,0.9636842967051387,0.06576684708986608,-0.25821842906069586,-0.017622173566470712,72.43205170730172,260,5.564520407322694,0.8929047081195746,1.0,2.8317630175073925,1.0,5.0843034271365575,1.0,1.4984934463654156,1.0,3.451734728698738,25.0,-1.9388583093878178,12.791666666666666,1027.2291666666667,1.6291666666668334,-1.8582859495180002,0.7124370936425539,3.297610692047669,1.0,3.494481087997709,1.0,1.836723696373118e-05,5.8249958696290707e-05,3.082432421703166e-05,-3.988272173255952e-05,0.024465345408771055,0.07758953414525441,0.04105831162579121,-0.05312418873648335,0.19110312402078417,0.606065523242504,0.3207137069846798,-0.4149623992217198
-0.8660254037844386,0.5000000000000001,-0.9977279770555445,-0.06737123867534996,-0.8660254037844387,-0.49999999999999983,0.13443633935056634,-0.990922232398698,0.864057774196559,0.05834520417727773,-0.49886398852777236,-0.033685619337674985,70.38005722971712,261,5.568344503761097,0.8929047081195746,1.0,2.8317630175073925,1.0,5.0843034271365575,1.0,1.4984934463654156,1.0,3.451734728698738,25.0,-1.9388583093878178,12.791666666666666,1027.2291666666667,1.6291666666668334,-1.8582859495180002,0.7124370936425539,3.297610692047669,1.0,3.494481087997709,1.0,1.7617660051836187e-05,5.587274625852473e-05,2.9566366811490624e-05,-3.825508620668855e-05,0.02412789775572811,0.07651935075889499,0.040491999126844765,-0.052391453003166874,0.18996898419020997,0.602468705799727,0.3188103671456991,-0.41249972160951703
-0.7071067811865477,0.7071067811865474,-0.9977760430060081,-0.06665559243808963,-1.0,-4.286263797015736e-16,0.13301470653419653,-0.9911140639934546,0.7055342061150287,0.04713262141697995,-0.7055342061150284,-0.04713262141697993,68.60284752647475,262,5.572154032177765,0.8929047081195746,1.0,2.8317630175073925,1.0,5.0843034271365575,1.0,1.4984934463654156,1.0,3.451734728698738,25.0,-1.9388583093878178,12.791666666666666,1027.2291666666667,1.6291666666668334,-1.8582859495180002,0.7124370936425539,3.297610692047669,1.0,3.494481087997709,1.0,1.6898673780654113e-05,5.3592549150911e-05,2.835974733060335e-05,-3.669387537025689e-05,0.023795104478768626,0.07546392828704622,0.03993349771008275,-0.05166882380827759,0.18884157514000308,0.5988932343916947,0.3169183230588604,-0.41005165925169157
-0.5000000000000004,0.8660254037844384,-0.9978235956407359,-0.06593991190920172,-0.8660254037844392,0.4999999999999991,0.13159279999494608,-0.9913038560348134,0.4989117978203684,0.03296995595460089,-0.8641405823204085,-0.057105638836676714,67.17773637693111,263,5.575949103146316,0.8929047081195746,1.0,2.8317630175073925,1.0,5.0843034271365575,1.0,1.4984934463654156,1.0,3.451734728698738,25.0,-1.9388583093878178,12.791666666666666,1027.2291666666667,1.6291666666668334,-1.8582859495180002,0.7124370936425539,3.297610692047669,1.0,3.494481087997709,1.0,1.6209029729530056e-05,5.140540812515716e-05,2.7202370645793772e-05,-3.51963783956271e-05,0.023466901380626657,0.07442306313413752,0.03938269963816049,-0.050956161753510865,0.18772085692499704,0.5953389823360812,0.3150375076872564,-0.4076181254110841
-0.25881904510252157,0.9659258262890681,-0.9978706349352638,-0.06522419745687515,-0.5000000000000014,0.8660254037844378,0.13017062265887003,-0.9914916081322132,0.2582679248697919,0.01688126450336674,-0.9638690175794418,-0.06300173682257346,66.07493484618301,264,5.579729825986222,0.8929047081195746,1.0,2.8317630175073925,1.0,5.0843034271365575,1.0,1.4984934463654156,1.0,3.451734728698738,25.0,-1.9388583093878178,12.791666666666666,1027.2291666666667,1.6291666666668334,-1.8582859495180002,0.7124370936425539,3.297610692047669,1.0,3.494481087997709,1.0,1.5547530426533797e-05,4.930752551204312e-05,2.609222713182046e-05,-3.3759995085509326e-05,0.023143225149501644,0.07339655451276822,0.038839498659741935,-0.05025332936326657,0.18660678983708795,0.5918058237023822,0.31316785439182365,-0.40519903386529427
0.0,1.0,-0.9979171608653922,-0.06450844944931625,0.0,1.0,0.1287481774525807,-0.99167731989929,-0.0,-0.0,-0.9979171608653922,-0.06450844944931625,65.19334209857077,265,5.583496308781699,0.8929047081195746,1.0,2.8317630175073925,1.0,5.0843034271365575,1.0,1.4984934463654156,1.0,3.451734728698738,25.0,-1.9388583093878178,12.791666666666666,1027.2291666666667,1.6291666666668334,-1.8582859495180002,0.7124370936425539,3.297610692047669,1.0,3.494481087997709,1.0,1.4913027269214768e-05,4.729525862729165e-05,2.5027389177339202e-05,-3.238223135807688e-05,0.022824013346845307,0.07238420440497481,0.03830378998900329,-0.049560191058129505,0.18549933440382768,0.5882936333074537,0.3113092969289818,-0.40279429890362595
0.25881904510252074,0.9659258262890683,-0.9979631734071852,-0.06379266825474869,0.49999999999999994,0.8660254037844387,0.1273254673032416,-0.9918609909538791,-0.258291875588729,-0.016510757482235943,-0.9639584028793962,-0.06161898579515255,64.41441516145642,266,5.58724865840025,0.8929047081195746,1.0,2.8317630175073925,1.0,5.0843034271365575,1.0,1.4984934463654156,1.0,3.451734728698738,25.0,-1.9388583093878178,12.791666666666666,1027.2291666666667,1.6291666666668334,-1.8582859495180002,0.7124370936425539,3.297610692047669,1.0,3.494481087997709,1.0,1.4304418530211894e-05,4.5365113446548186e-05,2.4006007837871123e-05,-3.1060694916336284e-05,0.02250920439531697,0.0713858175240325,0.03777547028541942,-0.048876613128715524,0.18439845138702515,0.5848022867110754,0.30946176944828596,-0.4004038353240502
0.49999999999999994,0.8660254037844387,-0.9980086725369712,-0.06307685424141403,0.8660254037844386,0.5000000000000001,0.12590249513856328,-0.9920426209180149,-0.49900433626848556,-0.03153842712070701,-0.8643008636142022,-0.05462615816387277,63.65785811570485,267,5.5909869805108565,0.8929047081195746,1.0,2.8317630175073925,1.0,5.0843034271365575,1.0,1.4984934463654156,1.0,3.451734728698738,25.0,-1.9388583093878178,12.791666666666666,1027.2291666666667,1.6291666666668334,-1.8582859495180002,0.7124370936425539,3.297610692047669,1.0,3.494481087997709,1.0,1.3720647444255829e-05,4.351373853848897e-05,2.3026309625365294e-05,-2.979309109423314e-05,0.02219873756690503,0.0704012012767834,0.037254437633828956,-0.04820246370987836,0.1833041017813563,0.5813316602115433,0.3076252064900943,-0.3980275584301869
0.7071067811865476,0.7071067811865476,-0.9980536582313428,-0.06236100777756809,1.0,6.123233995736766e-17,0.1244792638867901,-0.9922222094179322,-0.7057305097234234,-0.04409589148114543,-0.7057305097234234,-0.04409589148114543,62.922578416136304,268,5.594711379601839,0.8929047081195746,1.0,2.8317630175073925,1.0,5.0843034271365575,1.0,1.4984934463654156,1.0,3.451734728698738,25.0,-1.9388583093878178,12.791666666666666,1027.2291666666667,1.6291666666668334,-1.8582859495180002,0.7124370936425539,3.297610692047669,1.0,3.494481087997709,1.0,1.316070037324164e-05,4.173791924552224e-05,2.2086593428781072e-05,-2.85772188722806e-05,0.021892552971212266,0.06943016572648467,0.0367405915247745,-0.04753761275527239,0.18221624681298199,0.5778816308412853,0.3057995429832482,-0.39566538402830337
0.8660254037844386,0.5000000000000001,-0.9980981304671568,-0.06164512923148516,0.8660254037844387,-0.4999999999999998,0.12305577647670322,-0.9923997560840669,-0.8643783364543127,-0.053386247934040836,-0.4990490652335785,-0.030822564615742586,62.300611552116656,269,5.598421958998375,0.8929047081195746,1.0,2.8317630175073925,1.0,5.0843034271365575,1.0,1.4984934463654156,1.0,3.451734728698738,25.0,-1.9388583093878178,12.791666666666666,1027.2291666666667,1.6291666666668334,-1.8582859495180002,0.7124370936425539,3.297610692047669,1.0,3.494481087997709,1.0,1.2623605046185689e-05,4.003457210197756e-05,2.118522756034279e-05,-2.7410967055791867e-05,0.021590591543902707,0.06847252355616872,0.036233832835113826,-0.04688193201226601,0.18113484793817405,0.5744520763625054,0.3039847142427668,-0.39331722842433137
0.9659258262890683,0.25881904510252074,-0.9981420892215337,-0.06092921897145868,0.49999999999999994,-0.8660254037844387,0.12163203583761613,-0.992575260551056,-0.9641312222852069,-0.0588531061801538,-0.2583381824089524,-0.015769642273035327,61.95935446313101,270,5.602118820879701,0.8929047081195746,1.0,2.8317630175073925,1.0,5.0843034271365575,1.0,1.4984934463654156,1.0,3.451734728698738,25.0,-1.9388583093878178,12.791666666666666,1027.2291666666667,1.6291666666668334,-1.8582859495180002,0.7124370936425539,3.297610692047669,1.0,3.494481087997709,1.0,1.2108428871011014e-05,3.8400739480092454e-05,2.0320646922338726e-05,-2.629231060908144e-05,0.021292795035307868,0.06752809003250904,0.035734063808898646,-0.046235294997201165,0.1800598668419501,0.5710428752628525,0.3021806559675554,-0.39098300842090233
1.0,6.123233995736766e-17,-0.9981855344718586,-0.06021327736579308,1.2246467991473532e-16,-1.0,0.12020804489935287,-0.9927487224577402,-0.9981855344718586,-0.06021327736579308,-6.112123598730759e-17,-3.6869998696095135e-18,62.096399100629434,271,5.605802066295998,0.8929047081195746,1.0,2.8317630175073925,1.0,5.0843034271365575,1.0,1.4984934463654156,1.0,3.451734728698738,25.0,-1.9388583093878178,12.791666666666666,1027.2291666666667,1.6291666666668334,-1.8582859495180002,0.7124370936425539,3.297610692047669,1.0,3.494481087997709,1.0,1.1614277315229676e-05,3.6833584454499355e-05,1.9491350289544573e-05,-2.5219307139269676e-05,0.020999105999190144,0.06659668297018433,0.03524118803851706,-0.045597576970994175,0.17899126543671545,0.5676539067511144,0.300387304238127,-0.38866264131439887
0.9659258262890683,-0.25881904510252063,-0.9982284661957808,-0.05949730478281249,-0.4999999999999997,-0.8660254037844388,0.11878380659225962,-0.9929201414471622,-0.9642146560354288,-0.05746998328431069,0.2583605384149458,0.015399035610061161,62.87909055415909,272,5.60947179518496,0.8929047081195746,1.0,2.8317630175073925,1.0,5.0843034271365575,1.0,1.4984934463654156,1.0,3.451734728698738,25.0,-1.9388583093878178,12.791666666666666,1027.2291666666667,1.6291666666668334,-1.8582859495180002,0.7124370936425539,3.297610692047669,1.0,3.494481087997709,1.0,1.1140292352710137e-05,3.533038587629485e-05,1.8695897702552315e-05,-2.4190093523584707e-05,0.02070946778166119,0.06567812269673415,0.034755110446096096,-0.044968654915072966,0.17792900586091392,0.5642850507529388,0.2986045955143375,-0.38635604489202485
0.8660254037844387,-0.4999999999999998,-0.9982708843712135,-0.058781301590856955,-0.8660254037844385,-0.5000000000000004,0.11735932384719158,-0.9930895171665695,-0.8645279457238289,-0.050906100445196764,0.4991354421856065,0.029390650795428463,64.3855168966075,273,5.6131281063880705,0.8929047081195746,1.0,2.8317630175073925,1.0,5.0843034271365575,1.0,1.4984934463654156,1.0,3.451734728698738,25.0,-1.9388583093878178,12.791666666666666,1027.2291666666667,1.6291666666668334,-1.8582859495180002,0.7124370936425539,3.297610692047669,1.0,3.494481087997709,1.0,1.0685650973833109e-05,3.388853364813958e-05,1.7932907967479116e-05,-2.3202882674306468e-05,0.02042382451025311,0.06477223201789936,0.0342757372651608,-0.044348407507646244,0.17687305047768645,0.560936187906579,0.2968324666331347,-0.3840631374288925
0.7071067811865476,-0.7071067811865475,-0.9983127889763344,-0.058065268158279615,-1.0,-1.8369701987210297e-16,0.11593459959550172,-0.9932568492674142,-0.7059137428304209,-0.041058344866134834,0.7059137428304207,0.04105834486613483,66.56370903287777,274,5.616771097666572,0.8929047081195746,1.0,2.8317630175073925,1.0,5.0843034271365575,1.0,1.4984934463654156,1.0,3.451734728698738,25.0,-1.9388583093878178,12.791666666666666,1027.2291666666667,1.6291666666668334,-1.8582859495180002,0.7124370936425539,3.297610692047669,1.0,3.494481087997709,1.0,1.024956375644872e-05,3.250552419218379e-05,1.7201056257714446e-05,-2.2255960435735065e-05,0.02014212108314045,0.06387883618344051,0.03380297602254624,-0.043736715100300055,0.17582336187353736,0.5576071995586641,0.2950708548063201,-0.38178383768512675
0.49999999999999994,-0.8660254037844387,-0.9983541799895851,-0.05734920485345093,-0.8660254037844386,0.5000000000000001,0.11450963676904348,-0.9934221374053538,-0.4991770899947925,-0.02867460242672546,0.8646000818453626,0.049665868289926335,69.22133830776274,275,5.62040086571715,0.8929047081195746,1.0,2.8317630175073925,1.0,5.0843034271365575,1.0,1.4984934463654156,1.0,3.451734728698738,25.0,-1.9388583093878178,12.791666666666666,1027.2291666666667,1.6291666666668334,-1.8582859495180002,0.7124370936425539,3.297610692047669,1.0,3.494481087997709,1.0,9.831273495153553e-06,3.117895610294874e-05,1.649907181354087e-05,-2.1347682607795186e-05,0.019864303158510788,0.06299776285342781,0.03333673552055906,-0.04313345969491702,0.17477990285700892,0.5542979677599958,0.29331969761832444,-0.37951806490298695
0.258819045102521,-0.9659258262890682,-0.9983950573896716,-0.056633112044759404,-0.5000000000000004,0.8660254037844384,0.11308443830016653,-0.9935853812402514,-0.2584036553886715,-0.014657727980608711,0.9643755707720402,0.054703385547155606,72.05032418124605,276,5.6240175061873385,0.8929047081195746,1.0,2.8317630175073925,1.0,5.0843034271365575,1.0,1.4984934463654156,1.0,3.451734728698738,25.0,-1.9388583093878178,12.791666666666666,1027.2291666666667,1.6291666666668334,-1.8582859495180002,0.7124370936425539,3.297610692047669,1.0,3.494481087997709,1.0,9.430053886507784e-06,2.9906525977617016e-05,1.5825735735634934e-05,-2.0476472091109232e-05,0.019590317144081985,0.062128842064996005,0.03287692581938503,-0.04253852492091402,0.17374263645736351,0.5510083752613689,0.291578933023996,-0.3772657388040054
1.2246467991473532e-16,-1.0,-0.9984354211555643,-0.055916990100603386,-2.4492935982947064e-16,1.0,0.11165900712169492,-0.993746580436178,-1.2227307426735014e-16,-6.847856294465817e-18,0.9984354211555643,0.055916990100603386,74.68159394082731,277,5.627621113690637,0.8929047081195746,1.0,2.8317630175073925,1.0,5.0843034271365575,1.0,1.4984934463654156,1.0,3.451734728698738,25.0,-1.9388583093878178,12.791666666666666,1027.2291666666667,1.6291666666668334,-1.8582859495180002,0.7124370936425539,3.297610692047669,1.0,3.494481087997709,1.0,9.045208267909326e-06,2.868602441649082e-05,1.5179878868616368e-05,-1.9640816148581496e-05,0.019320110186764005,0.06127190619955785,0.03242345821973933,-0.04195179601279384,0.17271152592327385,0.5477383055094168,0.2898484993464028,-0.375026779586143
-0.2588190451025208,-0.9659258262890683,-0.9984752712664975,-0.05520083938939888,0.5,0.8660254037844386,0.11023334616693682,-0.9939057346614116,0.2584244162676753,0.014287028539621835,0.9644530514272932,0.05331991639905526,76.75721586171048,278,5.631211781821365,0.8929047081195746,1.0,2.8317630175073925,1.0,5.0843034271365575,1.0,1.4984934463654156,1.0,3.451734728698738,25.0,-1.9388583093878178,12.791666666666666,1027.2291666666667,1.6291666666668334,-1.8582859495180002,0.7124370936425539,3.297610692047669,1.0,3.494481087997709,1.0,8.676068407935039e-06,2.751533218667333e-05,1.4560379770970621e-05,-1.883926377873829e-05,0.019053630162463295,0.06042678995046963,0.03197624524575596,-0.04137315978800633,0.17168653472152076,0.5444876426424828,0.2881283352746466,-0.37280110792096205
-0.4999999999999997,-0.8660254037844388,-0.9985146077019699,-0.054484660279579364,0.8660254037844384,0.5000000000000004,0.10880745836967858,-0.9940628435884377,0.49925730385098466,0.027242330139789668,0.864739016319759,0.047185099918680695,78.00240156529917,279,5.634789603169249,0.8929047081195746,1.0,2.8317630175073925,1.0,5.0843034271365575,1.0,1.4984934463654156,1.0,3.451734728698738,25.0,-1.9388583093878178,12.791666666666666,1027.2291666666667,1.6291666666668334,-1.8582859495180002,0.7124370936425539,3.297610692047669,1.0,3.494481087997709,1.0,8.321993346048946e-06,2.639241654231276e-05,1.3966162767820174e-05,-1.807042319626381e-05,0.018790825666027845,0.059593330291142915,0.031535200628113345,-0.04080250462511507,0.17066762653569872,0.541256271486514,0.2864183798616912,-0.3705886449508152
-0.7071067811865471,-0.7071067811865479,-0.9985534304417445,-0.05376845313958846,1.0,1.1943401194869635e-15,0.10738134666416449,-0.9942179068939517,0.7060839020424466,0.03802003782891409,0.7060839020424474,0.03802003782891413,78.2797136182107,280,5.638354669333745,0.8929047081195746,1.0,2.8317630175073925,1.0,5.0843034271365575,1.0,1.4984934463654156,1.0,3.451734728698738,25.0,-1.9388583093878178,12.791666666666666,1027.2291666666667,1.6291666666668334,-1.8582859495180002,0.7124370936425539,3.297610692047669,1.0,3.494481087997709,1.0,7.982368279662553e-06,2.531532769501923e-05,1.3396196083163299e-05,-1.7332959415356673e-05,0.0185316460013309,0.05877136644359594,0.031100239287392598,-0.04023972044226504,0.16965476526492926,0.5380440775509809,0.2847185725222028,-0.3683893122860517
-0.8660254037844385,-0.5000000000000004,-0.9985917394658487,-0.05305221833788424,0.8660254037844392,-0.4999999999999992,0.10595501398509964,-0.9943709242588589,0.8648058143867164,0.04594456880772639,0.4992958697329248,0.026526109168942144,77.61227673992086,281,5.641907070938114,0.8929047081195746,1.0,2.8317630175073925,1.0,5.0843034271365575,1.0,1.4984934463654156,1.0,3.451734728698738,25.0,-1.9388583093878178,12.791666666666666,1027.2291666666667,1.6291666666668334,-1.8582859495180002,0.7124370936425539,3.297610692047669,1.0,3.494481087997709,1.0,7.656603496614735e-06,2.4282195428325438e-05,1.2849490048336976e-05,-1.6625591931710703e-05,0.01827604117149147,0.0579607398474389,0.03067127731766532,-0.03968469867594743,0.16864791502258183,0.5348509470248219,0.2830288530304035,-0.36620303200224
-0.9659258262890683,-0.25881904510252063,-0.9986295347545738,-0.052335956242944306,0.4999999999999998,-0.8660254037844388,0.10452846326765443,-0.9945218953682733,0.9646020585144796,0.050552651778594505,0.25846434259635326,0.013545542219326148,76.17070052352591,282,5.645446897643238,0.8929047081195746,1.0,2.8317630175073925,1.0,5.0843034271365575,1.0,1.4984934463654156,1.0,3.451734728698738,25.0,-1.9388583093878178,12.791666666666666,1027.2291666666667,1.6291666666668334,-1.8582859495180002,0.7124370936425539,3.297610692047669,1.0,3.494481087997709,1.0,7.344133351217808e-06,2.3291225850313445e-05,1.2325095383593603e-05,-1.5947092499095638e-05,0.01802396186922971,0.057161294129286944,0.030248231970307796,-0.03913733226005723,0.16764704013500226,0.5316767667724089,0.2813491615179371,-0.3640297266374067
-1.0,-1.8369701987210297e-16,-0.9986668162884759,-0.05161966722325412,3.6739403974420594e-16,-1.0,0.10310169744743557,-0.994670819911521,0.9986668162884759,0.05161966722325412,1.8345211799735396e-16,9.482379035701454e-18,74.2276859625745,283,5.648974238161206,0.8929047081195746,1.0,2.8317630175073925,1.0,5.0843034271365575,1.0,1.4984934463654156,1.0,3.451734728698738,25.0,-1.9388583093878178,12.791666666666666,1027.2291666666667,1.6291666666668334,-1.8582859495180002,0.7124370936425539,3.297610692047669,1.0,3.494481087997709,1.0,7.044415282091728e-06,2.234069827876849e-05,1.18221015498075e-05,-1.5296282996676763e-05,0.017775359467355322,0.05637287507259502,0.029831021638038403,-0.038597515605239704,0.16665210514024884,0.5285214243295406,0.2796794384717485,-0.36186931918929177
-0.9659258262890684,0.2588190451025203,-0.998703584048375,-0.05090335164731562,-0.49999999999999917,-0.8660254037844392,0.10167471946049773,-0.9948176975821394,0.9646735846397807,0.04916886200081635,-0.25848350796386504,-0.013174756865876032,72.0924562294383,284,5.652489180268651,0.8929047081195746,1.0,2.8317630175073925,1.0,5.0843034271365575,1.0,1.4984934463654156,1.0,3.451734728698738,25.0,-1.9388583093878178,12.791666666666666,1027.2291666666667,1.6291666666668334,-1.8582859495180002,0.7124370936425539,3.297610692047669,1.0,3.494481087997709,1.0,6.756928870080885e-06,2.1428962253451018e-05,1.1339635167448962e-05,-1.4672033383370134e-05,0.017530186009387164,0.05559533058790892,0.02941956583917523,-0.038065144578521753,0.16566307478683587,0.5253848078994567,0.27801962473197445,-0.35972173311262085
-0.8660254037844386,0.5000000000000001,-0.9987398380153556,-0.0501870098836471,-0.8660254037844387,-0.49999999999999983,0.1002475322433375,-0.9949625280778774,0.8649340714928532,0.04346322549921909,-0.4993699190076779,-0.025093504941823556,70.04206888295542,285,5.655991810819852,0.8929047081195746,1.0,2.8317630175073925,1.0,5.0843034271365575,1.0,1.4984934463654156,1.0,3.451734728698738,25.0,-1.9388583093878178,12.791666666666666,1027.2291666666667,1.6291666666668334,-1.8582859495180002,0.7124370936425539,3.297610692047669,1.0,3.494481087997709,1.0,6.481174934617939e-06,2.0554434670299872e-05,1.087685850008105e-05,-1.4073259735681934e-05,0.01728839420030225,0.05482851068352649,0.029013785202110804,-0.037540116483224244,0.1646799140324847,0.5222668063488775,0.276369661489848,-0.3575868923163928
-0.7071067811865477,0.7071067811865474,-0.9987755781707665,-0.049470642300774983,-1.0,-4.286263797015736e-16,0.09882013873287142,-0.9951053111006976,0.7062409842080638,0.03498102664053206,-0.7062409842080635,-0.03498102664053205,68.2670479132367,286,5.659482215759621,0.8929047081195746,1.0,2.8317630175073925,1.0,5.0843034271365575,1.0,1.4984934463654156,1.0,3.451734728698738,25.0,-1.9388583093878178,12.791666666666666,1027.2291666666667,1.6291666666668334,-1.8582859495180002,0.7124370936425539,3.297610692047669,1.0,3.494481087997709,1.0,6.216674666965539e-06,1.9715597032590196e-05,1.0432967999745664e-05,-1.3498922365624657e-05,0.017049937397412323,0.05407226743656367,0.028613601450001,-0.03702233003915134,0.16370258804288199,0.5191673092040656,0.2747294902856145,-0.35546472116118355
-0.5000000000000004,0.8660254037844384,-0.9988108044962207,-0.04875424926724254,-0.8660254037844392,0.4999999999999991,0.0973925418664476,-0.9952460463567752,0.4994054022481108,0.02437712463362129,-0.8649955302680993,-0.04222241840787088,66.84454857559813,287,5.662960480135946,0.8929047081195746,1.0,2.8317630175073925,1.0,5.0843034271365575,1.0,1.4984934463654156,1.0,3.451734728698738,25.0,-1.9388583093878178,12.791666666666666,1027.2291666666667,1.6291666666668334,-1.8582859495180002,0.7124370936425539,3.297610692047669,1.0,3.494481087997709,1.0,5.9629687988308114e-06,1.8910992814272736e-05,1.000719291171306e-05,-1.2948024015441925e-05,0.01681476960136628,0.053326454964419415,0.028218937385665027,-0.03651168536305313,0.16273106219044578,0.5160862066469126,0.2730990530064606,-0.35335514445646676
-0.25881904510252157,0.9659258262890681,-0.9988455169735958,-0.04803783115160612,-0.5000000000000014,0.8660254037844378,0.09596474458183263,-0.9953847335564996,0.25852024290804054,0.01243310558745486,-0.9648106813178519,-0.04640098174824988,65.74459450084574,288,5.666426688112432,0.8929047081195746,1.0,2.8317630175073925,1.0,5.0843034271365575,1.0,1.4984934463654156,1.0,3.451734728698738,25.0,-1.9388583093878178,12.791666666666666,1027.2291666666667,1.6291666666668334,-1.8582859495180002,0.7124370936425539,3.297610692047669,1.0,3.494481087997709,1.0,5.719616804909249e-06,1.813922493091706e-05,9.598793936172455e-06,-1.2419608126007808e-05,0.01658284544727669,0.052590929396634366,0.027829716876693812,-0.03600808394935767,0.16176530205309836,0.5130233895110474,0.2714782918844548,-0.351258087457949
0.0,1.0,-0.9988797155850335,-0.04732138832243232,0.0,1.0,0.09453674981720026,-0.9955213724144751,-0.0,-0.0,-0.9988797155850335,-0.04732138832243232,64.86588136384485,289,5.66988092298052,0.8929047081195746,1.0,2.8317630175073925,1.0,5.0843034271365575,1.0,1.4984934463654156,1.0,3.451734728698738,25.0,-1.9388583093878178,12.791666666666666,1027.2291666666667,1.6291666666668334,-1.8582859495180002,0.7124370936425539,3.297610692047669,1.0,3.494481087997709,1.0,5.4861961379732095e-06,1.739895331386689e-05,9.20706194453975e-06,-1.1912757175893679e-05,0.01635412019596872,0.05186554884713764,0.02744586484076371,-0.03551142865116892,0.16080527341304676,0.5099787492779689,0.2698671494945014,-0.34917347586492214
0.25881904510252074,0.9659258262890683,-0.9989134003129403,-0.04660492114830312,0.49999999999999994,0.8660254037844387,0.09310856051113586,-0.9956559626495209,-0.2585378124091072,-0.012062241188682089,-0.9648762515884998,-0.04501689696931157,64.08966059727891,290,5.673323267171493,0.8929047081195746,1.0,2.8317630175073925,1.0,5.0843034271365575,1.0,1.4984934463654156,1.0,3.451734728698738,25.0,-1.9388583093878178,12.791666666666666,1027.2291666666667,1.6291666666668334,-1.8582859495180002,0.7124370936425539,3.297610692047669,1.0,3.494481087997709,1.0,5.262301495176776e-06,1.668889258339523e-05,8.831316748153294e-06,-1.1426591088218453e-05,0.01612854972534976,0.05115017338687635,0.027067307231152794,-0.035021623661526585,0.1598509422555703,0.5069521780732005,0.268265568752305,-0.3471012358176302
0.49999999999999994,0.8660254037844387,-0.9989465711399863,-0.045888429997813014,0.8660254037844386,0.5000000000000001,0.09168017960262521,-0.9957885039846717,-0.4994732855699931,-0.022944214998906504,-0.8651131076305871,-0.03974054611788996,63.33544267070708,291,5.676753802268282,0.8929047081195746,1.0,2.8317630175073925,1.0,5.0843034271365575,1.0,1.4984934463654156,1.0,3.451734728698738,25.0,-1.9388583093878178,12.791666666666666,1027.2291666666667,1.6291666666668334,-1.8582859495180002,0.7124370936425539,3.297610692047669,1.0,3.494481087997709,1.0,5.0475441143032125e-06,1.6007809816819574e-05,8.470905917219987e-06,-1.0960265702516363e-05,0.015906090521898075,0.050444665016822744,0.026693971022456967,-0.034538574494924666,0.15890227476781565,0.5039435686624687,0.2666734929123489,-0.3450412938946531
0.7071067811865476,0.7071067811865476,-0.9989792280491069,-0.04517191523956529,1.0,6.123233995736766e-17,0.09025161003104125,-0.995918996147179,-0.706384986418026,-0.031941367585080566,-0.706384986418026,-0.031941367585080566,62.60196667275721,292,5.680172609017068,0.8929047081195746,1.0,2.8317630175073925,1.0,5.0843034271365575,1.0,1.4984934463654156,1.0,3.451734728698738,25.0,-1.9388583093878178,12.791666666666666,1027.2291666666667,1.6291666666668334,-1.8582859495180002,0.7124370936425539,3.297610692047669,1.0,3.494481087997709,1.0,4.841551098732927e-06,1.535452240770151e-05,8.125203647960831e-06,-1.0512971308968583e-05,0.015686699672268826,0.04974888764135343,0.02632578419650292,-0.034062187969084605,0.1579592373375985,0.5009528144479031,0.26509086556588357,-0.3429935771103046
0.8660254037844386,0.5000000000000001,-0.9990113710235011,-0.0444553772421807,0.8660254037844387,-0.4999999999999998,0.08882285473615578,-0.9960474388685108,-0.8651692259758732,-0.03849948602654909,-0.4995056855117507,-0.022227688621090355,61.98113649823229,293,5.683579767338681,0.8929047081195746,1.0,2.8317630175073925,1.0,5.0843034271365575,1.0,1.4984934463654156,1.0,3.451734728698738,25.0,-1.9388583093878178,12.791666666666666,1027.2291666666667,1.6291666666668334,-1.8582859495180002,0.7124370936425539,3.297610692047669,1.0,3.494481087997709,1.0,4.64396476995979e-06,1.472789601241332e-05,7.793609675988744e-06,-1.0083931242453528e-05,0.015470334855015984,0.049062707041996244,0.025962675728455717,-0.03359237218698026,0.15702179655221288,0.49797980946425974,0.2635176306389288,-0.34095801291204686
0.9659258262890683,0.25881904510252074,-0.9990430000466327,-0.04373881637428929,0.49999999999999994,-0.8660254037844387,0.08739391665811751,-0.9961738318843524,-0.9650014353183534,-0.042248452347241214,-0.25857135528842706,-0.011320438687908052,61.64026326585282,294,5.68697535633982,0.8929047081195746,1.0,2.8317630175073925,1.0,5.0843034271365575,1.0,1.4984934463654156,1.0,3.451734728698738,25.0,-1.9388583093878178,12.791666666666666,1027.2291666666667,1.6291666666668334,-1.8582859495180002,0.7124370936425539,3.297610692047669,1.0,3.494481087997709,1.0,4.45444204653169e-06,1.4126842580506554e-05,7.47554823403216e-06,-9.672400533974865e-06,0.015256954332428218,0.04838599085153853,0.025604575573117554,-0.03312903651911031,0.15608991919724707,0.4950244483751665,0.26195373239028663,-0.3389345291779194
1.0,6.123233995736766e-17,-0.99907411510223,-0.04302223300453021,1.2246467991473532e-16,-1.0,0.08596479873744593,-0.9962981749346078,-0.99907411510223,-0.04302223300453021,-6.117564585854602e-17,-2.6343519970584767e-18,61.77690474209206,295,5.69035945432406,0.8929047081195746,1.0,2.8317630175073925,1.0,5.0843034271365575,1.0,1.4984934463654156,1.0,3.451734728698738,25.0,-1.9388583093878178,12.791666666666666,1027.2291666666667,1.6291666666668334,-1.8582859495180002,0.7124370936425539,3.297610692047669,1.0,3.494481087997709,1.0,4.272653848336852e-06,1.3550318465462347e-05,7.170467052194488e-06,-9.277664617125494e-06,0.015046516942477639,0.047718608528493335,0.02525141465141598,-0.032672091586015695,0.15516357225540717,0.4920866264693915,0.2603991154095664,-0.33692305421398433
0.9659258262890683,-0.25881904510252063,-0.9991047161742853,-0.042305627501560396,-0.4999999999999997,-0.8660254037844388,0.08453550391504307,-0.9964204677633984,-0.9650610485199516,-0.04086409820112226,0.25858732859765343,0.010949502112416798,62.55842578870546,296,5.6937321388027,0.8929047081195746,1.0,2.8317630175073925,1.0,5.0843034271365575,1.0,1.4984934463654156,1.0,3.451734728698738,25.0,-1.9388583093878178,12.791666666666666,1027.2291666666667,1.6291666666668334,-1.8582859495180002,0.7124370936425539,3.297610692047669,1.0,3.494481087997709,1.0,4.098284525201498e-06,1.2997322612542767e-05,6.877836399013398e-06,-8.899038087341268e-06,0.014838982090879353,0.04706043133191705,0.024903124837078027,-0.032221449241037696,0.15424272290534682,0.48916623965713224,0.2588537246152214,-0.3349235167517854
0.8660254037844387,-0.4999999999999998,-0.9991348032470557,-0.04158900023404196,-0.8660254037844385,-0.5000000000000004,0.08310603513216254,-0.9965407101190658,-0.8652761214171172,-0.036017130720677304,0.49956740162352764,0.02079450011702097,64.0629868311383,297,5.697093486505405,0.8929047081195746,1.0,2.8317630175073925,1.0,5.0843034271365575,1.0,1.4984934463654156,1.0,3.451734728698738,25.0,-1.9388583093878178,12.791666666666666,1027.2291666666667,1.6291666666668334,-1.8582859495180002,0.7124370936425539,3.297610692047669,1.0,3.494481087997709,1.0,3.931031308806802e-06,1.2466894820597208e-05,6.597148161655123e-06,-8.535863511790405e-06,0.014634309743260744,0.04641133229657499,0.024559638943488542,-0.03177702255331425,0.1533273385205047,0.48626318446632844,0.25731750525259767,-0.3329358459458237
0.7071067811865476,-0.7071067811865475,-0.9991643763050627,-0.04087235157065177,-1.0,-1.8369701987210297e-16,0.08167639533042306,-0.99665890175417,-0.7065159060053373,-0.028901116958648505,0.7065159060053372,0.028901116958648502,66.23873872796806,298,5.700443573390687,0.8929047081195746,1.0,2.8317630175073925,1.0,5.0843034271365575,1.0,1.4984934463654156,1.0,3.451734728698738,25.0,-1.9388583093878178,12.791666666666666,1027.2291666666667,1.6291666666668334,-1.8582859495180002,0.7124370936425539,3.297610692047669,1.0,3.494481087997709,1.0,3.7706037869734237e-06,1.1958114074805369e-05,6.32791496364653e-06,-8.187510287831944e-06,0.014432460417438573,0.045771186208449006,0.024220890710729425,-0.03133872579101043,0.15241738666794824,0.48337735803899523,0.25579040289199356,-0.330959971371047
0.49999999999999994,-0.8660254037844387,-0.9991934353330921,-0.04015568188007681,-0.8660254037844386,0.5000000000000001,0.08024658745179349,-0.9967750424254922,-0.499596717666546,-0.0200778409400384,0.8653268982931016,0.034775840614432986,68.89351213979184,299,5.703782474656201,0.8929047081195746,1.0,2.8317630175073925,1.0,5.0843034271365575,1.0,1.4984934463654156,1.0,3.451734728698738,25.0,-1.9388583093878178,12.791666666666666,1027.2291666666667,1.6291666666668334,-1.8582859495180002,0.7124370936425539,3.297610692047669,1.0,3.494481087997709,1.0,3.616723399400701e-06,1.1470096947461713e-05,6.069669318612911e-06,-7.853373548061011e-06,0.014233395175802788,0.045139869580583386,0.023886814792797962,-0.03090647440478059,0.15151283510722466,0.48050865812757915,0.25427236342673143,-0.32899582302035446
0.258819045102521,-0.9659258262890682,-0.999221980316194,-0.039438991531015745,-0.5000000000000004,0.8660254037844384,0.07881661443859032,-0.9968891318940329,-0.2586176787908874,-0.010207562127863909,0.9651743169831187,0.03809514048260395,71.71941427166308,300,5.707110264748875,0.8929047081195746,1.0,2.8317630175073925,1.0,5.0843034271365575,1.0,1.4984934463654156,1.0,3.451734728698738,25.0,-1.9388583093878178,12.791666666666666,1027.2291666666667,1.6291666666668334,-1.8582859495180002,0.7124370936425539,3.297610692047669,1.0,3.494481087997709,1.0,3.469122953985071e-06,1.100199606402497e-05,5.8219628185523035e-06,-7.532873110039898e-06,0.01403707561780524,0.04451726062926357,0.023557346745001217,-0.030480185011458324,0.15061365178921862,0.4776569830913354,0.25276333307124055,-0.32704333130211677
1.2246467991473532e-16,-1.0,-0.9992500112396835,-0.03872228089217436,-2.4492935982947064e-16,1.0,0.07738647923346281,-0.9970011699250151,-1.223728327812635e-16,-4.7421117350286045e-18,0.9992500112396835,0.03872228089217436,74.34757570891617,301,5.71042701737487,0.8929047081195746,1.0,2.8317630175073925,1.0,5.0843034271365575,1.0,1.4984934463654156,1.0,3.451734728698738,25.0,-1.9388583093878178,12.791666666666666,1027.2291666666667,1.6291666666668334,-1.8582859495180002,0.7124370936425539,3.297610692047669,1.0,3.494481087997709,1.0,3.3275461628777924e-06,1.0552998631768993e-05,5.584365355236775e-06,-7.2254524688912e-06,0.013843463872552027,0.04390323925052346,0.02323242301152432,-0.030059775377971432,0.14971980485501665,0.47482223189272654,0.2512632583591515,-0.32510242703770986
-0.2588190451025208,-0.9659258262890683,-0.9992775280891395,-0.038005550332274166,0.5,0.8660254037844386,0.0759561847794046,-0.9971111562878819,0.25863205561243846,0.009836560245594992,0.9652279720115997,0.036710542608272695,76.42026964034419,302,5.713732805509369,0.8929047081195746,1.0,2.8317630175073925,1.0,5.0843034271365575,1.0,1.4984934463654156,1.0,3.451734728698738,25.0,-1.9388583093878178,12.791666666666666,1027.2291666666667,1.6291666666668334,-1.8582859495180002,0.7124370936425539,3.297610692047669,1.0,3.494481087997709,1.0,3.1917471974763475e-06,1.0122325028479985e-05,5.356464373388646e-06,-6.930577831003637e-06,0.01365252259149811,0.0432976869969771,0.02291198091317042,-0.029645164405478985,0.14883126263477853,0.4720043040938428,0.24977208614140176,-0.3231730414590643
-0.4999999999999997,-0.8660254037844388,-0.9993045308504058,-0.037288800220044285,0.8660254037844384,0.5000000000000004,0.07452573401973173,-0.9972190907562992,0.49965226542520264,0.018644400110022132,0.8654231098333419,0.03229304826720112,77.66290017461519,303,5.717027701406222,0.8929047081195746,1.0,2.8317630175073925,1.0,5.0843034271365575,1.0,1.4984934463654156,1.0,3.451734728698738,25.0,-1.9388583093878178,12.791666666666666,1027.2291666666667,1.6291666666668334,-1.8582859495180002,0.7124370936425539,3.297610692047669,1.0,3.494481087997709,1.0,3.0614902615769476e-06,9.709227448749947e-06,5.137864154335089e-06,-6.647737187172999e-06,0.013464214941242525,0.04270048705496932,0.022595958635269434,-0.029236272113726793,0.14794799364661487,0.46920309985284325,0.24828976358435256,-0.3212551062062284
-0.7071067811865471,-0.7071067811865479,-0.9993310195095906,-0.03657203092422122,1.0,1.1943401194869635e-15,0.07309512989807652,-0.9973249731081556,0.7066337405452972,0.02586033106828093,0.7066337405452979,0.025860331068280958,77.93819675439822,304,5.720311776607412,0.8929047081195746,1.0,2.8317630175073925,1.0,5.0843034271365575,1.0,1.4984934463654156,1.0,3.451734728698738,25.0,-1.9388583093878178,12.791666666666666,1027.2291666666667,1.6291666666668334,-1.8582859495180002,0.7124370936425539,3.297610692047669,1.0,3.494481087997709,1.0,2.936549181946907e-06,9.31298860551561e-06,4.928185128897178e-06,-6.376439423568702e-06,0.013278504596423156,0.04211152422204223,0.022284295215753876,-0.028833019625619075,0.14706996659547195,0.4664185199204182,0.24681623816791695,-0.31934855332494627
-0.8660254037844385,-0.5000000000000004,-0.9993569940530665,-0.035855242813557564,0.8660254037844392,-0.4999999999999992,0.0716643753583994,-0.9974288031255617,0.8654685442996096,0.031051551135400274,0.4996784970265337,0.0179276214067788,77.26941393944563,305,5.723585101952381,0.8929047081195746,1.0,2.8317630175073925,1.0,5.0843034271365575,1.0,1.4984934463654156,1.0,3.451734728698738,25.0,-1.9388583093878178,12.791666666666666,1027.2291666666667,1.6291666666668334,-1.8582859495180002,0.7124370936425539,3.297610692047669,1.0,3.494481087997709,1.0,2.8167070156059396e-06,8.932920484588113e-06,4.727063218320216e-06,-6.116213468982173e-06,0.013095355732709313,0.041530684884711844,0.021976930533398865,-0.028435329152002527,0.14619715037202285,0.46365046563627327,0.245351457683699,-0.3174533152642504
-0.9659258262890683,-0.25881904510252063,-0.9993824544674706,-0.03513843625681026,0.4999999999999998,-0.8660254037844388,0.0702334733449596,-0.9975305805948521,0.9653293231102887,0.03394112307586521,0.25865921255748403,0.009094496518383422,75.82724524526651,306,5.726847747587197,0.8929047081195746,1.0,2.8317630175073925,1.0,5.0843034271365575,1.0,1.4984934463654156,1.0,3.451734728698738,25.0,-1.9388583093878178,12.791666666666666,1027.2291666666667,1.6291666666668334,-1.8582859495180002,0.7124370936425539,3.297610692047669,1.0,3.494481087997709,1.0,2.701755673134559e-06,8.568363150011161e-06,4.534149202101137e-06,-5.866607476876602e-06,0.012914733019891171,0.04095785699655183,0.021673805296224643,-0.028043123976660655,0.14532951405156516,0.46089883892563305,0.24389537023314398,-0.31556932487406786
-1.0,-1.8369701987210297e-16,-0.9994074007397048,-0.03442161162274575,3.6739403974420594e-16,-1.0,0.06880242680231988,-0.9976303053065857,0.9994074007397048,0.03442161162274575,1.8358816115400833e-16,6.323147474293336e-18,73.884423937959,307,5.730099782973574,0.8929047081195746,1.0,2.8317630175073925,1.0,5.0843034271365575,1.0,1.4984934463654156,1.0,3.451734728698738,25.0,-1.9388583093878178,12.791666666666666,1027.2291666666667,1.6291666666668334,-1.8582859495180002,0.7124370936425539,3.297610692047669,1.0,3.494481087997709,1.0,2.5914955573554734e-06,8.218683598173156e-06,4.349108111615225e-06,-5.627188040817683e-06,0.012736601615064319,0.040392930056579,0.021374861030058718,-0.02765632844151468,0.14446702689292537,0.4581635422957668,0.24244792422569947,-0.3136965154028414
-0.9659258262890684,0.2588190451025203,-0.9994318328569349,-0.033704769280144195,-0.49999999999999917,-0.8660254037844392,0.06737123867534925,-0.9977279770555445,0.965377018971933,0.03255630711680569,-0.25867199262509355,-0.008723436200487681,71.75015162218149,308,5.733341276897746,0.8929047081195746,1.0,2.8317630175073925,1.0,5.0843034271365575,1.0,1.4984934463654156,1.0,3.451734728698738,25.0,-1.9388583093878178,12.791666666666666,1027.2291666666667,1.6291666666668334,-1.8582859495180002,0.7124370936425539,3.297610692047669,1.0,3.494481087997709,1.0,2.4857352167605416e-06,7.883274658683493e-06,4.17161864848916e-06,-5.3975394419229515e-06,0.012560927155908484,0.039835795087937435,0.021080040067256094,-0.02727486793202895,0.14360965833736955,0.45544447883253375,0.24100906837698766,-0.31183482049516414
-0.8660254037844386,0.5000000000000001,-0.9994557508065917,-0.03298790959779222,-0.8660254037844387,-0.49999999999999983,0.06593991190920279,-0.9978235956407357,0.8655540701569577,0.028568367729432567,-0.49972787540329594,-0.016493954798896114,69.70141194866689,309,5.736572297479192,0.8929047081195746,1.0,2.8317630175073925,1.0,5.0843034271365575,1.0,1.4984934463654156,1.0,3.451734728698738,25.0,-1.9388583093878178,12.791666666666666,1027.2291666666667,1.6291666666668334,-1.8582859495180002,0.7124370936425539,3.297610692047669,1.0,3.494481087997709,1.0,2.3842910130816066e-06,7.561553940104837e-06,4.001372626710669e-06,-5.17726292702323e-06,0.012387675754058872,0.03928634461687625,0.020789285535574874,-0.026898668862817384,0.14275737800752078,0.4527415521969497,0.23957875170698806,-0.3099841741894289
-0.7071067811865477,0.7071067811865474,-0.9994791545763704,-0.032271032944483594,-1.0,-4.286263797015736e-16,0.06450844944931733,-0.9979171608653921,0.7067384878555492,0.022819066230938833,-0.7067384878555488,-0.022819066230938823,67.92860774490477,310,5.739792912179234,0.8929047081195746,1.0,2.8317630175073925,1.0,5.0843034271365575,1.0,1.4984934463654156,1.0,3.451734728698738,25.0,-1.9388583093878178,12.791666666666666,1027.2291666666667,1.6291666666668334,-1.8582859495180002,0.7124370936425539,3.297610692047669,1.0,3.494481087997709,1.0,2.286986802427945e-06,7.252962818710628e-06,3.838074437505975e-06,-4.965976016282683e-06,0.012216813988568912,0.038744472652017393,0.02050254134720529,-0.026527658663448476,0.14191015570628274,0.4500546666217735,0.23815692353823142,-0.3081445109154908
-0.5000000000000004,0.8660254037844384,-0.9995020441542306,-0.03155413968902259,-0.8660254037844392,0.4999999999999991,0.06307685424141243,-0.9980086725369713,0.49975102207711575,0.01577706984451131,-0.8655941613720392,-0.027326686565256362,66.50873417100054,311,5.7430031878094825,0.8929047081195746,1.0,2.8317630175073925,1.0,5.0843034271365575,1.0,1.4984934463654156,1.0,3.451734728698738,25.0,-1.9388583093878178,12.791666666666666,1027.2291666666667,1.6291666666668334,-1.8582859495180002,0.7124370936425539,3.297610692047669,1.0,3.494481087997709,1.0,2.1936536294366257e-06,6.9569654685118156e-06,3.681440536055819e-06,-4.76331183907519e-06,0.012048308899463296,0.038210074663909604,0.020219752187950267,-0.026161765764446305,0.1410679614157698,0.44738372690811373,0.236743533494004,-0.3063157654923439
-0.25881904510252157,0.9659258262890681,-0.9995244195283967,-0.030837230200224677,-0.5000000000000014,0.8660254037844378,0.061645129231486226,-0.9980981304671567,0.2586959558189918,0.007981262474028791,-0.9654664508290677,-0.029786477061618227,65.41162681637425,312,5.746203190540153,0.8929047081195746,1.0,2.8317630175073925,1.0,5.0843034271365575,1.0,1.4984934463654156,1.0,3.451734728698738,25.0,-1.9388583093878178,12.791666666666666,1027.2291666666667,1.6291666666668334,-1.8582859495180002,0.7124370936425539,3.297610692047669,1.0,3.494481087997709,1.0,2.1041294339048047e-06,6.673047930868861e-06,3.5311989491589513e-06,-4.568918496964056e-06,0.01188212798137976,0.037683047564864035,0.019940863506554916,-0.025800919583484277,0.14023076529624365,0.44472863842205607,0.23533853149656295,-0.30449787312581245
0.0,1.0,-0.9995462806873573,-0.03012030484690836,0.0,1.0,0.060213277365793266,-0.9981855344718586,-0.0,-0.0,-0.9995462806873573,-0.03012030484690836,64.53577826531078,313,5.749392985908253,0.8929047081195746,1.0,2.8317630175073925,1.0,5.0843034271365575,1.0,1.4984934463654156,1.0,3.451734728698738,25.0,-1.9388583093878178,12.791666666666666,1027.2291666666667,1.6291666666668334,-1.8582859495180002,0.7124370936425539,3.297610692047669,1.0,3.494481087997709,1.0,2.0182587693945095e-06,6.400717222073365e-06,3.387088802988136e-06,-4.382458452678856e-06,0.011718239177298747,0.037163289689068436,0.019665821504183514,-0.025445050511769686,0.13939853768505567,0.44208930709131006,0.2339418677653616,-0.3026907694062544
0.25881904510252074,0.9659258262890683,-0.9995676276198658,-0.02940336399790385,0.49999999999999994,0.8660254037844387,0.058781301590856254,-0.9982708843712136,-0.2587071388959657,-0.007610150592739311,-0.9655081866405226,-0.02840146866535352,63.76223573372708,314,5.752572638825633,0.8929047081195746,1.0,2.8317630175073925,1.0,5.0843034271365575,1.0,1.4984934463654156,1.0,3.451734728698738,25.0,-1.9388583093878178,12.791666666666666,1027.2291666666667,1.6291666666668334,-1.8582859495180002,0.7124370936425539,3.297610692047669,1.0,3.494481087997709,1.0,1.9358925333212778e-06,6.1395004773496656e-06,3.2488598701186327e-06,-4.203607944028387e-06,0.011556610872359395,0.03665070077297508,0.01939457312404132,-0.025094089900615683,0.13857124909559634,0.4394656394018762,0.23255349281528614,-0.3008943903062798
0.49999999999999994,0.8660254037844387,-0.9995884603149401,-0.028686408022049338,0.8660254037844386,0.5000000000000001,0.057349204853452886,-0.998354179989585,-0.49979423015747,-0.014343204011024667,-0.8656689999625113,-0.02484315809042044,63.01031834277077,315,5.755742213586912,0.8929047081195746,1.0,2.8317630175073925,1.0,5.0843034271365575,1.0,1.4984934463654156,1.0,3.451734728698738,25.0,-1.9388583093878178,12.791666666666666,1027.2291666666667,1.6291666666668334,-1.8582859495180002,0.7124370936425539,3.297610692047669,1.0,3.494481087997709,1.0,1.8568877080580686e-06,5.888944129790314e-06,3.116272135042753e-06,-4.032056421732245e-06,0.011397211887760958,0.03614518193595979,0.019127066041139847,-0.02474797004819883,0.13774887021625032,0.4368575423947324,0.23117335745490195,-0.2991086721784821
0.7071067811865476,0.7071067811865476,-0.9996087787618625,-0.027969437288188122,1.0,6.123233995736766e-17,0.055916990100604455,-0.9984354211555643,-0.7068301459961164,-0.019777378772449703,-0.7068301459961164,-0.019777378772449703,62.27859980807221,316,5.75890177387728,0.8929047081195746,1.0,2.8317630175073925,1.0,5.0843034271365575,1.0,1.4984934463654156,1.0,3.451734728698738,25.0,-1.9388583093878178,12.791666666666666,1027.2291666666667,1.6291666666668334,-1.8582859495180002,0.7124370936425539,3.297610692047669,1.0,3.494481087997709,1.0,1.781107112604852e-06,5.6486131227996215e-06,2.989095377415995e-06,-3.8675060101947695e-06,0.011240011474748216,0.03564663566124717,0.018863248652202992,-0.024406624186498957,0.1369313719093579,0.43426492366254077,0.22980141278471092,-0.2973335517531829
0.8660254037844386,0.5000000000000001,-0.9996285829501801,-0.02725245216517288,0.8660254037844387,-0.4999999999999998,0.05448466027957866,-0.99851460770197,-0.8657037471838959,-0.02360131589045994,-0.49981429147509016,-0.013626226082586443,61.658855948613365,317,5.762051382780177,0.8929047081195746,1.0,2.8317630175073925,1.0,5.0843034271365575,1.0,1.4984934463654156,1.0,3.451734728698738,25.0,-1.9388583093878178,12.791666666666666,1027.2291666666667,1.6291666666668334,-1.8582859495180002,0.7124370936425539,3.297610692047669,1.0,3.494481087997709,1.0,1.7084191643926733e-06,5.418090154677725e-06,2.8671087723110844e-06,-3.7096709902850514e-06,0.011084979308679967,0.03515496577709942,0.018603070065712667,-0.024069986468419454,0.13611872521018262,0.4316876913463731,0.22843761019541872,-0.2955689661361905
0.9659258262890683,0.25881904510252074,-0.9996478728697042,-0.026535453021866343,0.49999999999999994,-0.8660254037844387,0.05305221833788531,-0.9985917394658487,-0.9655856975997786,-0.025631279386101,-0.2587279078949029,-0.006867880612482245,61.31831586582001,318,5.765191102784844,0.8929047081195746,1.0,2.8317630175073925,1.0,5.0843034271365575,1.0,1.4984934463654156,1.0,3.451734728698738,25.0,-1.9388583093878178,12.791666666666666,1027.2291666666667,1.6291666666668334,-1.8582859495180002,0.7124370936425539,3.297610692047669,1.0,3.494481087997709,1.0,1.638697650808654e-06,5.196974954033687e-06,2.7501005067859137e-06,-3.5582773032250336e-06,0.010932085483179246,0.034670077438264287,0.01834648009209156,-0.023737991955085042,0.13531090132588514,0.4291257541324566,0.2270819013662128,-0.2938148528065715
1.0,6.123233995736766e-17,-0.9996666485105112,-0.025818440227133144,1.2246467991473532e-16,-1.0,0.0516196672232543,-0.9986668162884759,-0.9996666485105112,-0.025818440227133144,-6.121192806563799e-17,-1.5809235091567934e-18,61.45450696898282,319,5.768320995793772,0.8929047081195746,1.0,2.8317630175073925,1.0,5.0843034271365575,1.0,1.4984934463654156,1.0,3.451734728698738,25.0,-1.9388583093878178,12.791666666666666,1027.2291666666667,1.6291666666668334,-1.8582859495180002,0.7124370936425539,3.297610692047669,1.0,3.494481087997709,1.0,1.5718215100451738e-06,4.984883584769364e-06,2.6378674120995477e-06,-3.41306207472419e-06,0.010781300504364223,0.03419187710767891,0.018093429234021265,-0.02341057660331469,0.13450787163450292,0.42657902124893826,0.22573423826305006,-0.2920711496144353
0.9659258262890683,-0.25881904510252063,-0.9996849098629417,-0.025101414149847585,-0.4999999999999997,-0.8660254037844388,0.05018700988364551,-0.9987398380153557,-0.9656214725880747,-0.02424610420371564,0.25873749377412597,0.006496724040986452,62.23481748202555,320,5.771441123130016,0.8929047081195746,1.0,2.8317630175073925,1.0,5.0843034271365575,1.0,1.4984934463654156,1.0,3.451734728698738,25.0,-1.9388583093878178,12.791666666666666,1027.2291666666667,1.6291666666668334,-1.8582859495180002,0.7124370936425539,3.297610692047669,1.0,3.494481087997709,1.0,1.507674620892697e-06,4.7814477794271836e-06,2.530214610937654e-06,-3.2737731585344864e-06,0.010632595285158775,0.03372027253842635,0.017843868676894206,-0.023087677253267574,0.1337096076839363,0.4240474024626688,0.22439457313695502,-0.2903377947787325
0.8660254037844387,-0.4999999999999998,-0.9997026569176009,-0.02438437515889348,-0.8660254037844385,-0.5000000000000004,0.04875424926724272,-0.9988108044962207,-0.8657678971214414,-0.021117488343011963,0.4998513284588002,0.012192187579446736,63.73748328911785,321,5.7745515455444085,0.8929047081195746,1.0,2.8317630175073925,1.0,5.0843034271365575,1.0,1.4984934463654156,1.0,3.451734728698738,25.0,-1.9388583093878178,12.791666666666666,1027.2291666666667,1.6291666666668334,-1.8582859495180002,0.7124370936425539,3.297610692047669,1.0,3.494481087997709,1.0,1.44614560111129e-06,4.5863142997444496e-06,2.4269551790348947e-06,-3.140168698633159e-06,0.010485941139681388,0.03325517275594049,0.017597750279396907,-0.022769231616259104,0.13291608119094023,0.42153080807600596,0.2230628585223282,-0.2886147268850657
0.7071067811865476,-0.7071067811865475,-0.9997198896653586,-0.023667323623156843,-1.0,-1.8369701987210297e-16,0.04732138832243339,-0.9988797155850335,-0.7069087132694423,-0.016735325026470772,0.7069087132694422,0.016735325026470772,65.91077761197565,322,5.777652323222656,0.8929047081195746,1.0,2.8317630175073925,1.0,5.0843034271365575,1.0,1.4984934463654156,1.0,3.451734728698738,25.0,-1.9388583093878178,12.791666666666666,1027.2291666666667,1.6291666666668334,-1.8582859495180002,0.7124370936425539,3.297610692047669,1.0,3.494481087997709,1.0,1.3871276140307075e-06,4.399144323303759e-06,2.3279098206066935e-06,-3.012016709273051e-06,0.010341309777711602,0.03279648804045692,0.017355026564223476,-0.022455178262745318,0.1321272640401223,0.4190291489236357,0.22173904723526414,-0.28690188488351337
0.49999999999999994,-0.8660254037844387,-0.9997366080973494,-0.022950259911530137,-0.8660254037844386,0.5000000000000001,0.045888429997811425,-0.9989465711399864,-0.49986830404867466,-0.011475129955765067,0.8657972997055922,0.019875508106840703,68.56269197449808,323,5.780743515792329,0.8929047081195746,1.0,2.8317630175073925,1.0,5.0843034271365575,1.0,1.4984934463654156,1.0,3.451734728698738,25.0,-1.9388583093878178,12.791666666666666,1027.2291666666667,1.6291666666668334,-1.8582859495180002,0.7124370936425539,3.297610692047669,1.0,3.494481087997709,1.0,1.330518183043209e-06,4.219612855214481e-06,2.232906557026767e-06,-2.889094672171272e-06,0.010198673299232625,0.032344129909705345,0.017115650708916904,-0.02214545661047272,0.13134312828294648,0.41654233636941373,0.2204230923718798,-0.28519920808646726
0.258819045102521,-0.9659258262890682,-0.9997528122049723,-0.022233184392917417,-0.5000000000000004,0.8660254037844384,0.04445537724218177,-0.999011371023501,-0.25875506819345095,-0.005754371554163159,0.9656870612139075,0.021475607005765972,71.38552190605498,324,5.783825182329737,0.8929047081195746,1.0,2.8317630175073925,1.0,5.0843034271365575,1.0,1.4984934463654156,1.0,3.451734728698738,25.0,-1.9388583093878178,12.791666666666666,1027.2291666666667,1.6291666666668334,-1.8582859495180002,0.7124370936425539,3.297610692047669,1.0,3.494481087997709,1.0,1.2762190136670511e-06,4.047408163803914e-06,2.141780428209937e-06,-2.771189150136863e-06,0.010058004189049374,0.031898011101841185,0.016879576536836916,-0.021840006912791806,0.130563646136743,0.4140702823032248,0.21911494730665262,-0.2835066361664818
1.2246467991473532e-16,-1.0,-0.9997685019798909,-0.0215160974362226,-2.4492935982947064e-16,1.0,0.04302223300453128,-0.99907411510223,-1.2243632958380176e-16,-2.634961985541258e-18,0.9997685019798909,0.0215160974362226,74.0106008608052,325,5.786897381366708,0.8929047081195746,1.0,2.8317630175073925,1.0,5.0843034271365575,1.0,1.4984934463654156,1.0,3.451734728698738,25.0,-1.9388583093878178,12.791666666666666,1027.2291666666667,1.6291666666668334,-1.8582859495180002,0.7124370936425539,3.297610692047669,1.0,3.494481087997709,1.0,1.2241358228716596e-06,3.882231239338173e-06,2.0543732061816684e-06,-2.658095416466513e-06,0.00991927531148061,0.03145804555861221,0.016646758508252184,-0.0215387702471316,0.1297887899837239,0.4116128991378605,0.2178145656907685,-0.2818241091541366
-0.2588190451025208,-0.9659258262890683,-0.9997836774140334,-0.020798999410358152,0.5,0.8660254037844386,0.04158900023404037,-0.9991348032470558,0.2587630566973868,0.00538317716647679,0.9657168747164735,0.020090290691436044,76.0804055328998,326,5.7899601708972535,0.8929047081195746,1.0,2.8317630175073925,1.0,5.0843034271365575,1.0,1.4984934463654156,1.0,3.451734728698738,25.0,-1.9388583093878178,12.791666666666666,1027.2291666666667,1.6291666666668334,-1.8582859495180002,0.7124370936425539,3.297610692047669,1.0,3.494481087997709,1.0,1.174178175368116e-06,3.7237952748329204e-06,1.9705331203369547e-06,-2.5496170994648047e-06,0.009782459905124401,0.031024148408757696,0.016417151711555635,-0.021241688503633293,0.12901853237000452,0.4091700998059166,0.21652190145047984,-0.2801515674359121
-0.4999999999999997,-0.8660254037844388,-0.9997983384995927,-0.020081890684244895,0.8660254037844384,0.5000000000000004,0.04015568188007699,-0.9991934353330921,0.49989916924979605,0.010040945342122442,0.8658507598021208,0.017391427488578144,77.32053022693218,327,5.793013608384144,0.8929047081195746,1.0,2.8317630175073925,1.0,5.0843034271365575,1.0,1.4984934463654156,1.0,3.451734728698738,25.0,-1.9388583093878178,12.791666666666666,1027.2291666666667,1.6291666666668334,-1.8582859495180002,0.7124370936425539,3.297610692047669,1.0,3.494481087997709,1.0,1.1262593265807402e-06,3.571825168052559e-06,1.8901145939115777e-06,-2.445565841471819e-06,0.009647531577695705,0.0305962359516363,0.016190711854600744,-0.020948704373940596,0.12825284600463072,0.40674179775670755,0.2152369087854727,-0.27848895175207683
-0.7071067811865471,-0.7071067811865479,-0.9998124852290262,-0.01936477162680383,1.0,1.1943401194869635e-15,0.03872228089217454,-0.9992500112396835,0.7069741882204189,0.013692961333441833,0.7069741882204197,0.013692961333441847,77.59386824380478,328,5.796057750765372,0.8929047081195746,1.0,2.8317630175073925,1.0,5.0843034271365575,1.0,1.4984934463654156,1.0,3.451734728698738,25.0,-1.9388583093878178,12.791666666666666,1027.2291666666667,1.6291666666668334,-1.8582859495180002,0.7124370936425539,3.297610692047669,1.0,3.494481087997709,1.0,1.0802960720270845e-06,3.4260570438330927e-06,1.8129779912081066e-06,-2.3457609718060082e-06,0.009514464300935162,0.030174225641079775,0.015967395256157337,-0.02065976134014461,0.1274917037586121,0.4043279069532005,0.2139595421672445,-0.27683620319458835
-0.8660254037844385,-0.5000000000000004,-0.9998261175950561,-0.018647642606964825,0.8660254037844392,-0.4999999999999992,0.03728880022004358,-0.9993045308504058,0.865874817204486,0.01614933221832461,0.4999130587975285,0.009323821303482421,76.92380044568769,329,5.799092654460526,0.8929047081195746,1.0,2.8317630175073925,1.0,5.0843034271365575,1.0,1.4984934463654156,1.0,3.451734728698738,25.0,-1.9388583093878178,12.791666666666666,1027.2291666666667,1.6291666666668334,-1.8582859495180002,0.7124370936425539,3.297610692047669,1.0,3.494481087997709,1.0,1.036208602844794e-06,3.2862377958992046e-06,1.7389893751377205e-06,-2.2500291930544104e-06,0.009383232405588192,0.029758036069469643,0.01574715883748542,-0.020374803663881454,0.12673507866396067,0.40192834186896637,0.21268975633749057,-0.2751932632050057
-0.9659258262890683,-0.25881904510252063,-0.999839235590669,-0.017930503993662864,0.4999999999999998,-0.8660254037844388,0.03585524281355863,-0.9993569940530664,0.9657705397941474,0.01731953688585824,0.2587774362116111,0.004640755921846755,75.48110045473035,330,5.802118375377063,0.8929047081195746,1.0,2.8317630175073925,1.0,5.0843034271365575,1.0,1.4984934463654156,1.0,3.451734728698738,25.0,-1.9388583093878178,12.791666666666666,1027.2291666666667,1.6291666666668334,-1.8582859495180002,0.7124370936425539,3.297610692047669,1.0,3.494481087997709,1.0,9.939203672145155e-07,3.1521246473800853e-06,1.6680202746569077e-06,-2.1582042801655697e-06,0.009253810576453208,0.02934758695203311,0.01552996011402497,-0.0200937763755799,0.12598294391273535,0.3995430174851501,0.21142750630650084,-0.27356007357241474
-1.0,-1.8369701987210297e-16,-0.9998518392091162,-0.017213356155835222,3.6739403974420594e-16,-1.0,0.03442161162274682,-0.9994074007397047,0.9998518392091162,0.017213356155835222,1.8366980317635573e-16,3.1620422278240487e-18,73.5385299771364,331,5.805134968916488,0.8929047081195746,1.0,2.8317630175073925,1.0,5.0843034271365575,1.0,1.4984934463654156,1.0,3.451734728698738,25.0,-1.9388583093878178,12.791666666666666,1027.2291666666667,1.6291666666668334,-1.8582859495180002,0.7124370936425539,3.297610692047669,1.0,3.494481087997709,1.0,9.533579374382069e-07,3.0234847292608395e-06,1.5999474616951958e-06,-2.0701267918226322e-06,0.00912617384749828,0.02894279911135596,0.015315757187200593,-0.01981662526385768,0.12523527285609218,0.39717184928745786,0.21017274735156558,-0.27193657643136565
-0.9659258262890684,0.2588190451025203,-0.9998639284439137,-0.016496199462425677,-0.49999999999999917,-0.8660254037844392,0.03298790959779063,-0.9994557508065918,0.9657943912588213,0.01593410509637281,-0.2587838271923084,-0.004269530592685722,71.40526546320945,332,5.808142489980444,0.8929047081195746,1.0,2.8317630175073925,1.0,5.0843034271365575,1.0,1.4984934463654156,1.0,3.451734728698738,25.0,-1.9388583093878178,12.791666666666666,1027.2291666666667,1.6291666666668334,-1.8582859495180002,0.7124370936425539,3.297610692047669,1.0,3.494481087997709,1.0,9.14450882442042e-07,2.900094676037476e-06,1.5346527371865595e-06,-1.9856437935954337e-06,0.009000297597045006,0.028543594462108732,0.015104508736339003,-0.019543296865063724,0.12449203900334008,0.3948147532631629,0.20892543501539096,-0.2703227142598228
-0.8660254037844386,0.5000000000000001,-0.9998755032888421,-0.015779034282385234,-0.8660254037844387,-0.49999999999999983,0.03155413968902366,-0.9995020441542306,0.8659175864698883,0.013665044535731172,-0.49993775164442117,-0.007889517141192619,69.35821356046631,333,5.811140992976701,0.8929047081195746,1.0,2.8317630175073925,1.0,5.0843034271365575,1.0,1.4984934463654156,1.0,3.451734728698738,25.0,-1.9388583093878178,12.791666666666666,1027.2291666666667,1.6291666666668334,-1.8582859495180002,0.7124370936425539,3.297610692047669,1.0,3.494481087997709,1.0,8.771316454825536e-07,2.7817402378734855e-06,1.4720227258330273e-06,-1.9046085923909317e-06,0.008876157543018959,0.028149895995983883,0.014896174010698189,-0.01927373845296492,0.12375321602100238,0.39247164589812894,0.20768552510452404,-0.2687184298771266
-0.7071067811865477,0.7071067811865474,-0.9998865637379466,-0.01506186098466394,-1.0,-4.286263797015736e-16,0.030120304846908544,-0.9995462806873573,0.7070265696364173,0.010650344039544965,-0.707026569636417,-0.01065034403954496,67.58765354234193,334,5.814130531825066,0.8929047081195746,1.0,2.8317630175073925,1.0,5.0843034271365575,1.0,1.4984934463654156,1.0,3.451734728698738,25.0,-1.9388583093878178,12.791666666666666,1027.2291666666667,1.6291666666668334,-1.8582859495180002,0.7124370936425539,3.297610692047669,1.0,3.494481087997709,1.0,8.413354268436561e-07,2.668215908584515e-06,1.411948679244096e-06,-1.8268804817408587e-06,0.008753729738265487,0.027761627766840363,0.014690712821606312,-0.019007898028574874,0.12301877773188362,0.39014244417385113,0.20645297368778662,-0.2671236664419675
-0.5000000000000004,0.8660254037844384,-0.9998971097855369,-0.014344679938219565,-0.8660254037844392,0.4999999999999991,0.028686408022048634,-0.9995884603149401,0.4999485548927689,0.007172339969109789,-0.8659362982449125,-0.012422857235655132,66.17041895000071,335,5.817111159963204,0.8929047081195746,1.0,2.8317630175073925,1.0,5.0843034271365575,1.0,1.4984934463654156,1.0,3.451734728698738,25.0,-1.9388583093878178,12.791666666666666,1027.2291666666667,1.6291666666668334,-1.8582859495180002,0.7124370936425539,3.297610692047669,1.0,3.494481087997709,1.0,8.070000713208521e-07,2.5593245688051484e-06,1.35432628711011e-06,-1.7523244974842961e-06,0.008632990565930278,0.027378714876053468,0.014488085534709238,-0.01874572431012319,0.12228869811414218,0.3878270655645144,0.20522773709471898,-0.26553836745037224
-0.25881904510252157,0.9659258262890681,-0.9999071414261876,-0.013627491512013864,-0.5000000000000014,0.8660254037844378,0.02725245216517484,-0.99962858295018,0.25879501153511786,0.003527054340282146,-0.9658361317944304,-0.013163145998989254,65.07615678010205,336,5.820082930352362,0.8929047081195746,1.0,2.8317630175073925,1.0,5.0843034271365575,1.0,1.4984934463654156,1.0,3.451734728698738,25.0,-1.9388583093878178,12.791666666666666,1027.2291666666667,1.6291666666668334,-1.8582859495180002,0.7124370936425539,3.297610692047669,1.0,3.494481087997709,1.0,7.740659602972829e-07,2.4548771437182867e-06,1.2990554960817797e-06,-1.6808111834210034e-06,0.008513916734903534,0.027001083458066472,0.014288253062324844,-0.01848716672316294,0.12156295130036834,0.3855254280340699,0.20400977191403247,-0.26396247673370155
